comparison_group,comparison,method_a,method_b,exp_a,exp_b,spf,log_source_a,log_source_b,metric_family,metric,p_adj_bh,n_valid,n_nan,mean_a,mean_b,mean_diff,ci_low,ci_high,W_stat,p_raw,effect_r,direction
accel_sweep,BRISKNet_vs_GRASP,BRISKNet,GRASP,ei_2spf_sampling_no_rebin_fop,GRASP,2,test_inference_logs_mri_journal_revised.json,—,spatial,ssim,1.1920928955078125e-07,25,0,0.80103732,0.92143788,-0.12040055999999999,-0.13386058661590244,-0.10694053338409755,0.0,5.960464477539063e-08,1.0,b_better
accel_sweep,BRISKNet_vs_GRASP,BRISKNet,GRASP,ei_2spf_sampling_no_rebin_fop,GRASP,2,test_inference_logs_mri_journal_revised.json,—,spatial,psnr,1.1920928955078125e-07,25,0,27.2735528,30.74259184,-3.4690390399999984,-3.82434475300535,-3.1137333269946503,0.0,5.960464477539063e-08,1.0,b_better
accel_sweep,BRISKNet_vs_GRASP,BRISKNet,GRASP,ei_2spf_sampling_no_rebin_fop,GRASP,2,test_inference_logs_mri_journal_revised.json,—,spatial,lpips,1.1920928955078125e-07,25,0,0.22958172000000002,0.041295599999999995,0.18828612000000003,0.17410405312095817,0.20246818687904183,0.0,5.960464477539063e-08,1.0,b_better
accel_sweep,BRISKNet_vs_GRASP,BRISKNet,GRASP,ei_2spf_sampling_no_rebin_fop,GRASP,2,test_inference_logs_mri_journal_revised.json,—,temporal,early_corr,0.00026157924107142856,15,10,0.9405702666666665,0.9690841333333334,-0.028513866666666887,-0.04269436050438244,-0.014333372828950888,0.0,6.103515625e-05,1.0,b_better
accel_sweep,BRISKNet_vs_GRASP,BRISKNet,GRASP,ei_2spf_sampling_no_rebin_fop,GRASP,2,test_inference_logs_mri_journal_revised.json,—,temporal,early_mae,0.00026157924107142856,15,10,2.5676671333333334,1.4691785333333334,1.0984886,0.7309884021926988,1.4659887978073014,0.0,6.103515625e-05,1.0,b_better
accel_sweep,BRISKNet_vs_GRASP,BRISKNet,GRASP,ei_2spf_sampling_no_rebin_fop,GRASP,2,test_inference_logs_mri_journal_revised.json,—,temporal,iauc10_err,0.011848000919117647,15,10,17.2074808,11.797249066666668,5.410231733333331,1.9139283063754058,8.906535160291263,14.0,0.0067138671875,0.8833333333333333,b_better
accel_sweep,BRISKNet_vs_GRASP,BRISKNet,GRASP,ei_2spf_sampling_no_rebin_fop,GRASP,2,test_inference_logs_mri_journal_revised.json,—,temporal,ttae_sec,0.93408203125,15,10,5.331565533333333,5.984579733333333,-0.6530141999999994,-4.031073935311459,2.725045535311458,58.0,0.93408203125,0.5166666666666666,a_better
accel_sweep,BRISKNet_vs_GRASP,BRISKNet,GRASP,ei_2spf_sampling_no_rebin_fop,GRASP,2,test_inference_logs_mri_journal_revised.json,—,temporal,wash_in_slope_err,0.040379574424342105,15,10,0.03123666666666666,0.02575926666666667,0.00547739999999999,0.00035940029963336343,0.010595399700366635,21.0,0.02557373046875,0.825,b_better
accel_sweep,BRISKNet_vs_GRASP,BRISKNet,GRASP,ei_2spf_sampling_no_rebin_fop,GRASP,2,test_inference_logs_mri_journal_revised.json,—,mc,dc_mae,1.0927518208821615e-07,25,0,0.58409,0.61204028,-0.027950279999999994,-0.03296937391630344,-0.02293118608369659,0.0,5.960464477539063e-08,1.0,a_better
accel_sweep,BRISKNet_vs_GRASP,BRISKNet,GRASP,ei_2spf_sampling_no_rebin_fop,GRASP,2,test_inference_logs_mri_journal_revised.json,—,mc,ssdu_nmse,,0,25,,,,,,,,,unknown
accel_sweep,BRISKNet_vs_GRASP,BRISKNet,GRASP,ei_4spf_sampling_no_rebin_fop,GRASP,4,test_inference_logs_mri_journal_revised.json,—,spatial,ssim,1.1920928955078125e-07,25,0,0.879573,0.92598236,-0.046409359999999955,-0.053434285011651164,-0.03938443498834883,0.0,5.960464477539063e-08,1.0,b_better
accel_sweep,BRISKNet_vs_GRASP,BRISKNet,GRASP,ei_4spf_sampling_no_rebin_fop,GRASP,4,test_inference_logs_mri_journal_revised.json,—,spatial,psnr,1.1920928955078125e-07,25,0,28.848106559999998,30.68546,-1.8373534400000011,-2.0735040614935523,-1.6012028185064486,0.0,5.960464477539063e-08,1.0,b_better
accel_sweep,BRISKNet_vs_GRASP,BRISKNet,GRASP,ei_4spf_sampling_no_rebin_fop,GRASP,4,test_inference_logs_mri_journal_revised.json,—,spatial,lpips,1.1920928955078125e-07,25,0,0.13224184,0.03413416,0.09810768,0.08975096919716491,0.10646439080283507,0.0,5.960464477539063e-08,1.0,b_better
accel_sweep,BRISKNet_vs_GRASP,BRISKNet,GRASP,ei_4spf_sampling_no_rebin_fop,GRASP,4,test_inference_logs_mri_journal_revised.json,—,temporal,early_corr,0.5054443359374999,15,10,0.9720899999999999,0.9719558000000001,0.00013419999999975118,-0.008073830618039212,0.008342230618039218,45.0,0.42120361328125,0.625,a_better
accel_sweep,BRISKNet_vs_GRASP,BRISKNet,GRASP,ei_4spf_sampling_no_rebin_fop,GRASP,4,test_inference_logs_mri_journal_revised.json,—,temporal,early_mae,0.00026157924107142856,15,10,1.9492951333333335,1.3937962,0.5554989333333336,0.3848803318950791,0.7261175347715878,0.0,6.103515625e-05,1.0,b_better
accel_sweep,BRISKNet_vs_GRASP,BRISKNet,GRASP,ei_4spf_sampling_no_rebin_fop,GRASP,4,test_inference_logs_mri_journal_revised.json,—,temporal,iauc10_err,0.00026157924107142856,15,10,12.6046728,7.212005399999999,5.3926674000000006,3.6355934693611953,7.149741330638802,0.0,6.103515625e-05,1.0,b_better
accel_sweep,BRISKNet_vs_GRASP,BRISKNet,GRASP,ei_4spf_sampling_no_rebin_fop,GRASP,4,test_inference_logs_mri_journal_revised.json,—,temporal,ttae_sec,0.020751953125,15,10,3.0176831333333336,1.9279575999999996,1.089725533333334,0.25487262066186167,1.924578446004805,17.0,0.012451171875,0.8583333333333334,b_better
accel_sweep,BRISKNet_vs_GRASP,BRISKNet,GRASP,ei_4spf_sampling_no_rebin_fop,GRASP,4,test_inference_logs_mri_journal_revised.json,—,temporal,wash_in_slope_err,0.1975150730298913,15,10,0.0190476,0.02027333333333333,-0.0012257333333333294,-0.0027279898988782428,0.00027652323221157645,34.0,0.15142822265625,0.7166666666666667,a_better
accel_sweep,BRISKNet_vs_GRASP,BRISKNet,GRASP,ei_4spf_sampling_no_rebin_fop,GRASP,4,test_inference_logs_mri_journal_revised.json,—,mc,dc_mae,1.0927518208821615e-07,25,0,0.59220488,0.60850772,-0.01630283999999993,-0.019074889701937027,-0.013530790298062964,0.0,5.960464477539063e-08,1.0,a_better
accel_sweep,BRISKNet_vs_GRASP,BRISKNet,GRASP,ei_4spf_sampling_no_rebin_fop,GRASP,4,test_inference_logs_mri_journal_revised.json,—,mc,ssdu_nmse,2.384185791015625e-07,23,2,0.35972630434782615,0.5192562173913045,-0.1595299130434783,-0.16894350150831186,-0.15011632457864468,0.0,2.384185791015625e-07,1.0,a_better
accel_sweep,BRISKNet_vs_GRASP,BRISKNet,GRASP,ei_8spf_sampling_arrshift_fop,GRASP,8,test_inference_logs_mri_journal_revised.json,—,spatial,ssim,3.2186508178710933e-06,25,0,0.91841324,0.9281067199999999,-0.009693479999999921,-0.01276107960055876,-0.006625880399441241,9.0,1.9669532775878906e-06,0.9723076923076923,b_better
accel_sweep,BRISKNet_vs_GRASP,BRISKNet,GRASP,ei_8spf_sampling_arrshift_fop,GRASP,8,test_inference_logs_mri_journal_revised.json,—,spatial,psnr,1.1920928955078125e-07,25,0,30.16597952,30.69241512,-0.5264355999999992,-0.6090067601441862,-0.44386443985581253,0.0,5.960464477539063e-08,1.0,b_better
accel_sweep,BRISKNet_vs_GRASP,BRISKNet,GRASP,ei_8spf_sampling_arrshift_fop,GRASP,8,test_inference_logs_mri_journal_revised.json,—,spatial,lpips,1.1920928955078125e-07,25,0,0.05249264,0.0323336,0.020159040000000003,0.017418504647301023,0.022899575352698976,0.0,5.960464477539063e-08,1.0,b_better
accel_sweep,BRISKNet_vs_GRASP,BRISKNet,GRASP,ei_8spf_sampling_arrshift_fop,GRASP,8,test_inference_logs_mri_journal_revised.json,—,temporal,early_corr,0.053009033203125,15,10,0.9865469333333333,0.9790336666666667,0.007513266666666629,0.00015349921835007205,0.014873034114983232,23.0,0.03533935546875,0.8083333333333333,a_better
accel_sweep,BRISKNet_vs_GRASP,BRISKNet,GRASP,ei_8spf_sampling_arrshift_fop,GRASP,8,test_inference_logs_mri_journal_revised.json,—,temporal,early_mae,0.0004069010416666667,15,10,1.6366159999999996,1.3933567333333332,0.24325926666666642,0.1409063254194698,0.34561220791386355,1.0,0.0001220703125,0.9916666666666667,b_better
accel_sweep,BRISKNet_vs_GRASP,BRISKNet,GRASP,ei_8spf_sampling_arrshift_fop,GRASP,8,test_inference_logs_mri_journal_revised.json,—,temporal,iauc10_err,0.0004069010416666667,15,10,13.940928533333333,9.166627,4.7743015333333325,2.6670602288281624,6.881542837838502,1.0,0.0001220703125,0.9916666666666667,b_better
accel_sweep,BRISKNet_vs_GRASP,BRISKNet,GRASP,ei_8spf_sampling_arrshift_fop,GRASP,8,test_inference_logs_mri_journal_revised.json,—,temporal,ttae_sec,0.008544921875,15,10,2.952068266666666,2.0786497333333336,0.8734185333333326,0.3117953692094313,1.4350416974572353,12.0,0.0042724609375,0.9,b_better
accel_sweep,BRISKNet_vs_GRASP,BRISKNet,GRASP,ei_8spf_sampling_arrshift_fop,GRASP,8,test_inference_logs_mri_journal_revised.json,—,temporal,wash_in_slope_err,0.11352539062500001,15,10,0.019834133333333333,0.02138886666666667,-0.0015547333333333357,-0.005966998900031977,0.002857532233365308,29.0,0.083251953125,0.7583333333333333,a_better
accel_sweep,BRISKNet_vs_GRASP,BRISKNet,GRASP,ei_8spf_sampling_arrshift_fop,GRASP,8,test_inference_logs_mri_journal_revised.json,—,mc,dc_mae,1.0927518208821615e-07,25,0,0.60573356,0.61164936,-0.005915800000000027,-0.00706654483225892,-0.004765055167741071,0.0,5.960464477539063e-08,1.0,a_better
accel_sweep,BRISKNet_vs_GRASP,BRISKNet,GRASP,ei_8spf_sampling_arrshift_fop,GRASP,8,test_inference_logs_mri_journal_revised.json,—,mc,ssdu_nmse,2.384185791015625e-07,23,2,0.3982635652173913,0.49372773913043483,-0.09546417391304352,-0.1014043385046208,-0.08952400932146615,0.0,2.384185791015625e-07,1.0,a_better
accel_sweep,BRISKNet_vs_GRASP,BRISKNet,GRASP,ei_16spf_sampling_arrshift_fop,GRASP,16,test_inference_logs_mri_journal_revised.json,—,spatial,ssim,0.936802864074707,25,0,0.92980428,0.92874872,0.0010555600000000664,-0.0014769819406005372,0.003588101940600519,159.0,0.936802864074707,0.5107692307692308,a_better
accel_sweep,BRISKNet_vs_GRASP,BRISKNet,GRASP,ei_16spf_sampling_arrshift_fop,GRASP,16,test_inference_logs_mri_journal_revised.json,—,spatial,psnr,1.1920928955078125e-07,25,0,30.43603936,30.662048079999998,-0.22600871999999939,-0.27284703611815775,-0.17917040388184302,0.0,5.960464477539063e-08,1.0,b_better
accel_sweep,BRISKNet_vs_GRASP,BRISKNet,GRASP,ei_16spf_sampling_arrshift_fop,GRASP,16,test_inference_logs_mri_journal_revised.json,—,spatial,lpips,0.02108779549598694,25,0,0.03331928,0.031474760000000004,0.0018445199999999953,0.0002108491836302856,0.003478190816369715,76.0,0.018744707107543945,0.7661538461538462,b_better
accel_sweep,BRISKNet_vs_GRASP,BRISKNet,GRASP,ei_16spf_sampling_arrshift_fop,GRASP,16,test_inference_logs_mri_journal_revised.json,—,temporal,early_corr,0.008544921875,15,10,0.9895747999999999,0.9813081333333333,0.008266666666666533,0.0017536625577187622,0.014779670775614599,12.0,0.0042724609375,0.9,a_better
accel_sweep,BRISKNet_vs_GRASP,BRISKNet,GRASP,ei_16spf_sampling_arrshift_fop,GRASP,16,test_inference_logs_mri_journal_revised.json,—,temporal,early_mae,0.0054931640625,15,10,1.5774813333333335,1.4655056666666666,0.11197566666666692,0.03858611753627833,0.18536521579705498,9.0,0.00201416015625,0.925,b_better
accel_sweep,BRISKNet_vs_GRASP,BRISKNet,GRASP,ei_16spf_sampling_arrshift_fop,GRASP,16,test_inference_logs_mri_journal_revised.json,—,temporal,iauc10_err,0.008544921875,15,10,13.195815666666666,10.391459133333335,2.8043565333333316,0.8831783689421941,4.725534697724471,12.0,0.0042724609375,0.9,b_better
accel_sweep,BRISKNet_vs_GRASP,BRISKNet,GRASP,ei_16spf_sampling_arrshift_fop,GRASP,16,test_inference_logs_mri_journal_revised.json,—,temporal,ttae_sec,0.7086296654751146,15,10,1.8751655333333332,1.7157254,0.1594401333333333,-0.5908899915387206,0.9097702582053872,45.0,0.6377666989276032,0.625,b_better
accel_sweep,BRISKNet_vs_GRASP,BRISKNet,GRASP,ei_16spf_sampling_arrshift_fop,GRASP,16,test_inference_logs_mri_journal_revised.json,—,temporal,wash_in_slope_err,0.00026157924107142856,15,10,0.0198352,0.0236222,-0.0037869999999999987,-0.005161990229571294,-0.0024120097704287058,0.0,6.103515625e-05,1.0,a_better
accel_sweep,BRISKNet_vs_GRASP,BRISKNet,GRASP,ei_16spf_sampling_arrshift_fop,GRASP,16,test_inference_logs_mri_journal_revised.json,—,mc,dc_mae,1.0927518208821615e-07,25,0,0.6044119600000001,0.6071515599999999,-0.002739599999999842,-0.0033185902668278443,-0.0021606097331721558,0.0,5.960464477539063e-08,1.0,a_better
accel_sweep,BRISKNet_vs_GRASP,BRISKNet,GRASP,ei_16spf_sampling_arrshift_fop,GRASP,16,test_inference_logs_mri_journal_revised.json,—,mc,ssdu_nmse,2.384185791015625e-07,23,2,0.38212013043478266,0.4839859130434784,-0.10186578260869572,-0.10866682229069041,-0.09506474292670092,0.0,2.384185791015625e-07,1.0,a_better
accel_sweep,BRISKNet_vs_GRASP,BRISKNet,GRASP,ei_24spf_sampling_arrshift_fop,GRASP,24,test_inference_logs_mri_journal_revised.json,—,spatial,ssim,0.02077481746673584,25,0,0.92697352,0.92385496,0.0031185599999999924,0.0005670621078245107,0.005670057892175518,75.0,0.017312347888946533,0.7692307692307692,a_better
accel_sweep,BRISKNet_vs_GRASP,BRISKNet,GRASP,ei_24spf_sampling_arrshift_fop,GRASP,24,test_inference_logs_mri_journal_revised.json,—,spatial,psnr,3.2186508178710934e-07,25,0,29.66241328,29.837619760000003,-0.1752064800000035,-0.21843632493306145,-0.13197663506693788,2.0,1.7881393432617188e-07,0.9938461538461538,b_better
accel_sweep,BRISKNet_vs_GRASP,BRISKNet,GRASP,ei_24spf_sampling_arrshift_fop,GRASP,24,test_inference_logs_mri_journal_revised.json,—,spatial,lpips,0.7529937659992891,25,0,0.0315888,0.03256236,-0.0009735599999999983,-0.0026235638002186533,0.0006764438002186547,148.0,0.7111607789993286,0.5446153846153846,a_better
accel_sweep,BRISKNet_vs_GRASP,BRISKNet,GRASP,ei_24spf_sampling_arrshift_fop,GRASP,24,test_inference_logs_mri_journal_revised.json,—,temporal,early_corr,0.8345858509892045,15,10,0.9926892666666665,0.9916619333333334,0.001027333333333047,-0.002734475619555838,0.00478914228622251,55.0,0.803955078125,0.5416666666666667,a_better
accel_sweep,BRISKNet_vs_GRASP,BRISKNet,GRASP,ei_24spf_sampling_arrshift_fop,GRASP,24,test_inference_logs_mri_journal_revised.json,—,temporal,early_mae,0.00054931640625,15,10,1.3278570666666667,1.1717449333333332,0.1561121333333335,0.06311800377293876,0.24910626289372795,2.0,0.00018310546875,0.9833333333333333,b_better
accel_sweep,BRISKNet_vs_GRASP,BRISKNet,GRASP,ei_24spf_sampling_arrshift_fop,GRASP,24,test_inference_logs_mri_journal_revised.json,—,temporal,iauc10_err,0.008392333984375,15,10,18.5453574,15.363488933333333,3.1818684666666677,0.7513730011520954,5.612363932181236,11.0,0.00335693359375,0.9083333333333333,b_better
accel_sweep,BRISKNet_vs_GRASP,BRISKNet,GRASP,ei_24spf_sampling_arrshift_fop,GRASP,24,test_inference_logs_mri_journal_revised.json,—,temporal,ttae_sec,0.8345858509892045,15,10,1.0798672666666667,0.9496805999999999,0.13018666666666678,-0.7465654332412365,1.00693876657457,42.0,0.8067663226228976,0.65,b_better
accel_sweep,BRISKNet_vs_GRASP,BRISKNet,GRASP,ei_24spf_sampling_arrshift_fop,GRASP,24,test_inference_logs_mri_journal_revised.json,—,temporal,wash_in_slope_err,0.01007080078125,15,10,0.013669600000000002,0.0161328,-0.002463199999999997,-0.00402034573554682,-0.0009060542644531786,13.0,0.00537109375,0.8916666666666666,a_better
accel_sweep,BRISKNet_vs_GRASP,BRISKNet,GRASP,ei_24spf_sampling_arrshift_fop,GRASP,24,test_inference_logs_mri_journal_revised.json,—,mc,dc_mae,1.0927518208821615e-07,25,0,0.5664941200000001,0.56859212,-0.0020979999999999333,-0.002571103462607371,-0.0016248965373926645,0.0,5.960464477539063e-08,1.0,a_better
accel_sweep,BRISKNet_vs_GRASP,BRISKNet,GRASP,ei_24spf_sampling_arrshift_fop,GRASP,24,test_inference_logs_mri_journal_revised.json,—,mc,ssdu_nmse,2.384185791015625e-07,23,2,0.3700926521739131,0.43081021739130443,-0.060717565217391356,-0.06607727762906361,-0.05535785280571899,0.0,2.384185791015625e-07,1.0,a_better
accel_sweep,BRISKNet_vs_GRASP,BRISKNet,GRASP,ei_36spf_sampling_arrshift_fop,GRASP,36,test_inference_logs_mri_journal_revised.json,—,spatial,ssim,0.002089747360774449,25,0,0.9241147200000002,0.9184737600000001,0.005640960000000028,0.002335316366791379,0.008946603633208606,50.0,0.001625359058380127,0.8461538461538461,a_better
accel_sweep,BRISKNet_vs_GRASP,BRISKNet,GRASP,ei_36spf_sampling_arrshift_fop,GRASP,36,test_inference_logs_mri_journal_revised.json,—,spatial,psnr,5.2818885216346156e-05,25,0,29.11283444,29.211942639999997,-0.09910819999999632,-0.14005917714291743,-0.05815722285708229,23.0,3.814697265625e-05,0.9292307692307692,b_better
accel_sweep,BRISKNet_vs_GRASP,BRISKNet,GRASP,ei_36spf_sampling_arrshift_fop,GRASP,36,test_inference_logs_mri_journal_revised.json,—,spatial,lpips,2.7447938919067383e-05,25,0,0.030050600000000004,0.0342942,-0.004243599999999993,-0.006147029393853183,-0.002340170606146817,19.0,1.8298625946044922e-05,0.9415384615384615,a_better
accel_sweep,BRISKNet_vs_GRASP,BRISKNet,GRASP,ei_36spf_sampling_arrshift_fop,GRASP,36,test_inference_logs_mri_journal_revised.json,—,temporal,early_corr,0.5054443359374999,15,10,0.9971876000000001,0.9963528000000001,0.0008347999999999134,-0.002048198863875095,0.0037177988638750995,45.0,0.42120361328125,0.625,a_better
accel_sweep,BRISKNet_vs_GRASP,BRISKNet,GRASP,ei_36spf_sampling_arrshift_fop,GRASP,36,test_inference_logs_mri_journal_revised.json,—,temporal,early_mae,0.00026157924107142856,15,10,1.0033016000000001,0.8782994000000001,0.12500220000000006,0.07009332696184423,0.1799110730381558,0.0,6.103515625e-05,1.0,b_better
accel_sweep,BRISKNet_vs_GRASP,BRISKNet,GRASP,ei_36spf_sampling_arrshift_fop,GRASP,36,test_inference_logs_mri_journal_revised.json,—,temporal,iauc10_err,0.00026157924107142856,15,10,28.991212666666666,24.586391600000002,4.404821066666663,1.7522205878907058,7.057421545442628,0.0,6.103515625e-05,1.0,b_better
accel_sweep,BRISKNet_vs_GRASP,BRISKNet,GRASP,ei_36spf_sampling_arrshift_fop,GRASP,36,test_inference_logs_mri_journal_revised.json,—,temporal,ttae_sec,0.07135710922106629,15,10,0.9570144666666667,0.46416799999999997,0.4928464666666667,-0.24071997346321478,1.226412906796548,4.0,0.0499499764547464,0.9666666666666667,b_better
accel_sweep,BRISKNet_vs_GRASP,BRISKNet,GRASP,ei_36spf_sampling_arrshift_fop,GRASP,36,test_inference_logs_mri_journal_revised.json,—,temporal,wash_in_slope_err,0.6917161207932692,15,10,0.009796266666666666,0.009290933333333334,0.0005053333333333316,-0.0013437294049587867,0.0023543960716254533,50.0,0.5994873046875,0.5833333333333333,b_better
accel_sweep,BRISKNet_vs_GRASP,BRISKNet,GRASP,ei_36spf_sampling_arrshift_fop,GRASP,36,test_inference_logs_mri_journal_revised.json,—,mc,dc_mae,1.0927518208821615e-07,25,0,0.52169716,0.52331372,-0.0016165599999999891,-0.0019474194639383738,-0.00128570053606164,0.0,5.960464477539063e-08,1.0,a_better
accel_sweep,BRISKNet_vs_GRASP,BRISKNet,GRASP,ei_36spf_sampling_arrshift_fop,GRASP,36,test_inference_logs_mri_journal_revised.json,—,mc,ssdu_nmse,2.384185791015625e-07,23,2,0.40814013043478264,0.44890995652173915,-0.04076982608695651,-0.04479423661190838,-0.03674541556200465,0.0,2.384185791015625e-07,1.0,a_better
accel_sweep,SSDU_vs_GRASP,SSDU,GRASP,ssdu_8spf_sampling,GRASP,8,test_inference_logs_mri_journal_revised.json,—,spatial,ssim,7.152557373046875e-08,25,0,0.80444644,0.9281067199999999,-0.12366027999999996,-0.1395839604797501,-0.10773659952024989,0.0,5.960464477539063e-08,1.0,b_better
accel_sweep,SSDU_vs_GRASP,SSDU,GRASP,ssdu_8spf_sampling,GRASP,8,test_inference_logs_mri_journal_revised.json,—,spatial,psnr,7.152557373046875e-08,25,0,28.862056640000006,30.69241512,-1.830358479999994,-2.082196816979249,-1.5785201430207505,0.0,5.960464477539063e-08,1.0,b_better
accel_sweep,SSDU_vs_GRASP,SSDU,GRASP,ssdu_8spf_sampling,GRASP,8,test_inference_logs_mri_journal_revised.json,—,spatial,lpips,7.152557373046875e-08,25,0,0.10859448,0.0323336,0.07626088,0.07015117577914068,0.0823705842208593,0.0,5.960464477539063e-08,1.0,b_better
accel_sweep,SSDU_vs_GRASP,SSDU,GRASP,ssdu_8spf_sampling,GRASP,8,test_inference_logs_mri_journal_revised.json,—,temporal,early_corr,0.0006103515625,15,10,0.9449189333333332,0.9790336666666667,-0.03411473333333348,-0.04783193735952336,-0.02039752930714331,2.0,0.00018310546875,0.9833333333333333,b_better
accel_sweep,SSDU_vs_GRASP,SSDU,GRASP,ssdu_8spf_sampling,GRASP,8,test_inference_logs_mri_journal_revised.json,—,temporal,early_mae,0.012864332932692308,15,10,1.8560971333333331,1.3933567333333332,0.46274039999999994,0.15660545413368027,0.76887534586632,15.0,0.00836181640625,0.875,b_better
accel_sweep,SSDU_vs_GRASP,SSDU,GRASP,ssdu_8spf_sampling,GRASP,8,test_inference_logs_mri_journal_revised.json,—,temporal,iauc10_err,0.00030517578125,15,10,17.44908686666667,9.166627,8.282459866666668,5.1609638355171725,11.403955897816164,0.0,6.103515625e-05,1.0,b_better
accel_sweep,SSDU_vs_GRASP,SSDU,GRASP,ssdu_8spf_sampling,GRASP,8,test_inference_logs_mri_journal_revised.json,—,temporal,ttae_sec,0.00030517578125,15,10,9.06496686666667,2.0786497333333336,6.986317133333335,4.383847851641871,9.588786415024796,0.0,6.103515625e-05,1.0,b_better
accel_sweep,SSDU_vs_GRASP,SSDU,GRASP,ssdu_8spf_sampling,GRASP,8,test_inference_logs_mri_journal_revised.json,—,temporal,wash_in_slope_err,0.7576069078947368,15,10,0.023086533333333333,0.02138886666666667,0.0016976666666666633,-0.0019304973547538927,0.0053258306880872245,53.0,0.7197265625,0.5583333333333333,b_better
accel_sweep,SSDU_vs_GRASP,SSDU,GRASP,ssdu_8spf_sampling,GRASP,8,test_inference_logs_mri_journal_revised.json,—,mc,dc_mae,2.384185791015625e-07,25,0,0.59786912,0.61164936,-0.01378024,-0.016629407387656933,-0.01093107261234305,0.0,5.960464477539063e-08,1.0,a_better
accel_sweep,SSDU_vs_GRASP,SSDU,GRASP,ssdu_8spf_sampling,GRASP,8,test_inference_logs_mri_journal_revised.json,—,mc,ssdu_nmse,3.178914388020833e-07,23,2,0.22498613043478263,0.49372773913043483,-0.2687416086956522,-0.2821225404424363,-0.25536067694886794,0.0,2.384185791015625e-07,1.0,a_better
accel_sweep,SSDU_vs_GRASP,SSDU,GRASP,ssdu_16spf_sampling,GRASP,16,test_inference_logs_mri_journal_revised.json,—,spatial,ssim,7.152557373046875e-08,25,0,0.9000120399999999,0.9287486800000001,-0.028736640000000202,-0.03250803360980693,-0.02496524639019309,0.0,5.960464477539063e-08,1.0,b_better
accel_sweep,SSDU_vs_GRASP,SSDU,GRASP,ssdu_16spf_sampling,GRASP,16,test_inference_logs_mri_journal_revised.json,—,spatial,psnr,7.152557373046875e-08,25,0,29.9410408,30.662048079999998,-0.7210072799999985,-0.8203280312249109,-0.62168652877509,0.0,5.960464477539063e-08,1.0,b_better
accel_sweep,SSDU_vs_GRASP,SSDU,GRASP,ssdu_16spf_sampling,GRASP,16,test_inference_logs_mri_journal_revised.json,—,spatial,lpips,7.152557373046875e-08,25,0,0.05111760000000001,0.031474840000000004,0.01964276000000001,0.01697753217266579,0.022307987827334213,0.0,5.960464477539063e-08,1.0,b_better
accel_sweep,SSDU_vs_GRASP,SSDU,GRASP,ssdu_16spf_sampling,GRASP,16,test_inference_logs_mri_journal_revised.json,—,temporal,early_corr,0.00030517578125,15,10,0.9565116666666669,0.9813081333333333,-0.02479646666666646,-0.03928138026315454,-0.010311553070178755,0.0,6.103515625e-05,1.0,b_better
accel_sweep,SSDU_vs_GRASP,SSDU,GRASP,ssdu_16spf_sampling,GRASP,16,test_inference_logs_mri_journal_revised.json,—,temporal,early_mae,0.2501627604166667,15,10,1.7076821333333334,1.4655056666666666,0.2421764666666668,-0.0756155479142139,0.5599684812475472,36.0,0.1876220703125,0.7,b_better
accel_sweep,SSDU_vs_GRASP,SSDU,GRASP,ssdu_16spf_sampling,GRASP,16,test_inference_logs_mri_journal_revised.json,—,temporal,iauc10_err,0.005832248263888889,15,10,14.981775933333337,10.391459133333335,4.590316800000002,1.575803559018044,7.6048300409819545,10.0,0.00262451171875,0.9166666666666666,b_better
accel_sweep,SSDU_vs_GRASP,SSDU,GRASP,ssdu_16spf_sampling,GRASP,16,test_inference_logs_mri_journal_revised.json,—,temporal,ttae_sec,0.00048828125,15,10,4.281696666666666,1.7157254,2.565971266666666,1.648336834137016,3.4836056991963167,1.0,0.0001220703125,0.9916666666666667,b_better
accel_sweep,SSDU_vs_GRASP,SSDU,GRASP,ssdu_16spf_sampling,GRASP,16,test_inference_logs_mri_journal_revised.json,—,temporal,wash_in_slope_err,0.623779296875,15,10,0.025957333333333336,0.0236222,0.0023351333333333363,-0.0031592074369621932,0.00782947410362886,49.0,0.5614013671875,0.5916666666666667,b_better
accel_sweep,SSDU_vs_GRASP,SSDU,GRASP,ssdu_16spf_sampling,GRASP,16,test_inference_logs_mri_journal_revised.json,—,mc,dc_mae,0.029578447341918945,25,0,0.606082,0.6071516,-0.0010696000000000039,-0.0020718846476402986,-6.731535235969554e-05,82.0,0.029578447341918945,0.7476923076923077,a_better
accel_sweep,SSDU_vs_GRASP,SSDU,GRASP,ssdu_16spf_sampling,GRASP,16,test_inference_logs_mri_journal_revised.json,—,mc,ssdu_nmse,3.178914388020833e-07,23,2,0.31938560869565213,0.4839859130434784,-0.16460030434782624,-0.17619143025528408,-0.15300917844036807,0.0,2.384185791015625e-07,1.0,a_better
accel_sweep,SSDU_vs_GRASP,SSDU,GRASP,ssdu_24spf_sampling,GRASP,24,test_inference_logs_mri_journal_revised.json,—,spatial,ssim,7.152557373046875e-08,25,0,0.9084425199999999,0.9238548799999999,-0.015412360000000014,-0.017755752340931463,-0.013068967659068502,0.0,5.960464477539063e-08,1.0,b_better
accel_sweep,SSDU_vs_GRASP,SSDU,GRASP,ssdu_24spf_sampling,GRASP,24,test_inference_logs_mri_journal_revised.json,—,spatial,psnr,0.12664812803268433,25,0,29.85799976,29.837619760000003,0.020379999999995846,-0.05215936892844552,0.09291936892844602,105.0,0.12664812803268433,0.676923076923077,a_better
accel_sweep,SSDU_vs_GRASP,SSDU,GRASP,ssdu_24spf_sampling,GRASP,24,test_inference_logs_mri_journal_revised.json,—,spatial,lpips,7.152557373046875e-08,25,0,0.046496640000000006,0.03256236,0.013934280000000007,0.01198921687556662,0.015879343124433377,0.0,5.960464477539063e-08,1.0,b_better
accel_sweep,SSDU_vs_GRASP,SSDU,GRASP,ssdu_24spf_sampling,GRASP,24,test_inference_logs_mri_journal_revised.json,—,temporal,early_corr,0.00030517578125,15,10,0.9678331333333332,0.9916619333333334,-0.023828800000000205,-0.03416605772071974,-0.013491542279280252,0.0,6.103515625e-05,1.0,b_better
accel_sweep,SSDU_vs_GRASP,SSDU,GRASP,ssdu_24spf_sampling,GRASP,24,test_inference_logs_mri_journal_revised.json,—,temporal,early_mae,0.011189778645833334,15,10,1.5853126000000002,1.1717449333333332,0.413567666666667,0.1311138051428805,0.6960215281904527,14.0,0.0067138671875,0.8833333333333333,b_better
accel_sweep,SSDU_vs_GRASP,SSDU,GRASP,ssdu_24spf_sampling,GRASP,24,test_inference_logs_mri_journal_revised.json,—,temporal,iauc10_err,0.011189778645833334,15,10,21.737256,15.363488933333333,6.373767066666666,1.6081399896943624,11.139394143638974,14.0,0.0067138671875,0.8833333333333333,b_better
accel_sweep,SSDU_vs_GRASP,SSDU,GRASP,ssdu_24spf_sampling,GRASP,24,test_inference_logs_mri_journal_revised.json,—,temporal,ttae_sec,0.002453849381304171,15,10,2.898433533333333,0.9496805999999999,1.948752933333333,0.9118627213136392,2.9856431453530274,0.0,0.0009815397525216685,1.0,b_better
accel_sweep,SSDU_vs_GRASP,SSDU,GRASP,ssdu_24spf_sampling,GRASP,24,test_inference_logs_mri_journal_revised.json,—,temporal,wash_in_slope_err,0.043073381696428575,15,10,0.012669199999999999,0.0161328,-0.0034636000000000007,-0.006436466220095784,-0.0004907337799042138,22.0,0.0301513671875,0.8166666666666667,a_better
accel_sweep,SSDU_vs_GRASP,SSDU,GRASP,ssdu_24spf_sampling,GRASP,24,test_inference_logs_mri_journal_revised.json,—,mc,dc_mae,0.0018575532095772879,25,0,0.57029068,0.56859212,0.0016985600000000156,0.0006583223168407874,0.002738797683159186,50.0,0.001625359058380127,0.8461538461538461,b_better
accel_sweep,SSDU_vs_GRASP,SSDU,GRASP,ssdu_24spf_sampling,GRASP,24,test_inference_logs_mri_journal_revised.json,—,mc,ssdu_nmse,3.178914388020833e-07,23,2,0.3273549130434783,0.43081021739130443,-0.10345530434782613,-0.11428553585275827,-0.0926250728428939,0.0,2.384185791015625e-07,1.0,a_better
accel_sweep,SSDU_vs_GRASP,SSDU,GRASP,ssdu_36spf_sampling,GRASP,36,test_inference_logs_mri_journal_revised.json,—,spatial,ssim,3.2511624422940344e-07,25,0,0.9063085599999999,0.9184737600000001,-0.01216520000000021,-0.014847441212863433,-0.009482958787136576,3.0,2.980232238769531e-07,0.9907692307692307,b_better
accel_sweep,SSDU_vs_GRASP,SSDU,GRASP,ssdu_36spf_sampling,GRASP,36,test_inference_logs_mri_journal_revised.json,—,spatial,psnr,7.152557373046875e-08,25,0,29.617301360000003,29.211942639999997,0.40535872000000595,0.3433360832359106,0.4673813567640893,0.0,5.960464477539063e-08,1.0,a_better
accel_sweep,SSDU_vs_GRASP,SSDU,GRASP,ssdu_36spf_sampling,GRASP,36,test_inference_logs_mri_journal_revised.json,—,spatial,lpips,7.152557373046875e-08,25,0,0.047595,0.0342942,0.013300800000000002,0.01118466265884921,0.01541693734115079,0.0,5.960464477539063e-08,1.0,b_better
accel_sweep,SSDU_vs_GRASP,SSDU,GRASP,ssdu_36spf_sampling,GRASP,36,test_inference_logs_mri_journal_revised.json,—,temporal,early_corr,0.00244140625,15,10,0.9846930666666666,0.9963528000000001,-0.011659733333333588,-0.020280573133690725,-0.003038893532975949,6.0,0.0008544921875,0.95,b_better
accel_sweep,SSDU_vs_GRASP,SSDU,GRASP,ssdu_36spf_sampling,GRASP,36,test_inference_logs_mri_journal_revised.json,—,temporal,early_mae,0.45812270220588236,15,10,0.9622504,0.8782994000000001,0.08395099999999989,-0.10579329240793242,0.27369529240793233,44.0,0.389404296875,0.6333333333333333,b_better
accel_sweep,SSDU_vs_GRASP,SSDU,GRASP,ssdu_36spf_sampling,GRASP,36,test_inference_logs_mri_journal_revised.json,—,temporal,iauc10_err,0.76153564453125,15,10,26.102194866666665,24.586391600000002,1.515803266666662,-4.124337413622415,7.15594394695575,54.0,0.76153564453125,0.55,b_better
accel_sweep,SSDU_vs_GRASP,SSDU,GRASP,ssdu_36spf_sampling,GRASP,36,test_inference_logs_mri_journal_revised.json,—,temporal,ttae_sec,0.0066912362317017625,15,10,1.6927586000000001,0.46416799999999997,1.2285906000000002,0.5307909969484794,1.9263902030515205,0.0,0.0033456181158508813,1.0,b_better
accel_sweep,SSDU_vs_GRASP,SSDU,GRASP,ssdu_36spf_sampling,GRASP,36,test_inference_logs_mri_journal_revised.json,—,temporal,wash_in_slope_err,0.45812270220588236,15,10,0.011907466666666667,0.009290933333333334,0.002616533333333332,-0.002628384746279674,0.007861451412946339,44.0,0.389404296875,0.6333333333333333,b_better
accel_sweep,SSDU_vs_GRASP,SSDU,GRASP,ssdu_36spf_sampling,GRASP,36,test_inference_logs_mri_journal_revised.json,—,mc,dc_mae,2.384185791015625e-07,25,0,0.5275443599999999,0.52331372,0.004230639999999952,0.003195236951565863,0.005266043048434135,0.0,5.960464477539063e-08,1.0,b_better
accel_sweep,SSDU_vs_GRASP,SSDU,GRASP,ssdu_36spf_sampling,GRASP,36,test_inference_logs_mri_journal_revised.json,—,mc,ssdu_nmse,3.178914388020833e-07,23,2,0.36879926086956516,0.44890995652173915,-0.08011069565217399,-0.08954551052336565,-0.07067588078098216,0.0,2.384185791015625e-07,1.0,a_better
accel_sweep,BRISKNet_vs_SSDU,BRISKNet,SSDU,ei_8spf_sampling_arrshift_fop,ssdu_8spf_sampling,8,test_inference_logs_mri_journal_revised.json,test_inference_logs_mri_journal_revised.json,spatial,ssim,6.502324884588069e-08,25,0,0.91841324,0.80444644,0.11396680000000003,0.09856949552407504,0.12936410447592495,0.0,5.960464477539063e-08,1.0,a_better
accel_sweep,BRISKNet_vs_SSDU,BRISKNet,SSDU,ei_8spf_sampling_arrshift_fop,ssdu_8spf_sampling,8,test_inference_logs_mri_journal_revised.json,test_inference_logs_mri_journal_revised.json,spatial,psnr,6.502324884588069e-08,25,0,30.16597952,28.862056640000006,1.3039228799999947,1.0805812442868434,1.5272645157131566,0.0,5.960464477539063e-08,1.0,a_better
accel_sweep,BRISKNet_vs_SSDU,BRISKNet,SSDU,ei_8spf_sampling_arrshift_fop,ssdu_8spf_sampling,8,test_inference_logs_mri_journal_revised.json,test_inference_logs_mri_journal_revised.json,spatial,lpips,6.502324884588069e-08,25,0,0.05249264,0.10859448,-0.05610183999999999,-0.060965197957617984,-0.051238482042382016,0.0,5.960464477539063e-08,1.0,a_better
accel_sweep,BRISKNet_vs_SSDU,BRISKNet,SSDU,ei_8spf_sampling_arrshift_fop,ssdu_8spf_sampling,8,test_inference_logs_mri_journal_revised.json,test_inference_logs_mri_journal_revised.json,temporal,early_corr,0.00017438616071428572,15,10,0.9865469333333333,0.9449189333333332,0.04162800000000011,0.025652328625161282,0.05760367137483868,0.0,6.103515625e-05,1.0,a_better
accel_sweep,BRISKNet_vs_SSDU,BRISKNet,SSDU,ei_8spf_sampling_arrshift_fop,ssdu_8spf_sampling,8,test_inference_logs_mri_journal_revised.json,test_inference_logs_mri_journal_revised.json,temporal,early_mae,0.21632603236607145,15,10,1.6366159999999996,1.8560971333333331,-0.21948113333333352,-0.46327673696030747,0.024314470293640728,34.0,0.15142822265625,0.7166666666666667,a_better
accel_sweep,BRISKNet_vs_SSDU,BRISKNet,SSDU,ei_8spf_sampling_arrshift_fop,ssdu_8spf_sampling,8,test_inference_logs_mri_journal_revised.json,test_inference_logs_mri_journal_revised.json,temporal,iauc10_err,0.00017438616071428572,15,10,13.940928533333333,17.44908686666667,-3.508158333333336,-4.72726964882214,-2.2890470178445295,0.0,6.103515625e-05,1.0,a_better
accel_sweep,BRISKNet_vs_SSDU,BRISKNet,SSDU,ei_8spf_sampling_arrshift_fop,ssdu_8spf_sampling,8,test_inference_logs_mri_journal_revised.json,test_inference_logs_mri_journal_revised.json,temporal,ttae_sec,0.00017438616071428572,15,10,2.952068266666666,9.06496686666667,-6.112898600000003,-8.599490912985932,-3.6263062870140663,0.0,6.103515625e-05,1.0,a_better
accel_sweep,BRISKNet_vs_SSDU,BRISKNet,SSDU,ei_8spf_sampling_arrshift_fop,ssdu_8spf_sampling,8,test_inference_logs_mri_journal_revised.json,test_inference_logs_mri_journal_revised.json,temporal,wash_in_slope_err,0.08711381392045454,15,10,0.019834133333333333,0.023086533333333333,-0.003252399999999999,-0.008180303781011018,0.0016755037810110163,25.0,0.04791259765625,0.7916666666666666,a_better
accel_sweep,BRISKNet_vs_SSDU,BRISKNet,SSDU,ei_8spf_sampling_arrshift_fop,ssdu_8spf_sampling,8,test_inference_logs_mri_journal_revised.json,test_inference_logs_mri_journal_revised.json,mc,dc_mae,2.384185791015625e-07,25,0,0.60573356,0.59786912,0.007864439999999973,0.005614567179001826,0.010114312820998167,0.0,5.960464477539063e-08,1.0,b_better
accel_sweep,BRISKNet_vs_SSDU,BRISKNet,SSDU,ei_8spf_sampling_arrshift_fop,ssdu_8spf_sampling,8,test_inference_logs_mri_journal_revised.json,test_inference_logs_mri_journal_revised.json,mc,ssdu_nmse,3.087536969954916e-05,24,1,0.38166925,0.21561170833333332,0.1660575416666667,0.1489180910065877,0.18319699232674563,0.0,2.7015948487105512e-05,1.0,b_better
accel_sweep,BRISKNet_vs_SSDU,BRISKNet,SSDU,ei_16spf_sampling_arrshift_fop,ssdu_16spf_sampling,16,test_inference_logs_mri_journal_revised.json,test_inference_logs_mri_journal_revised.json,spatial,ssim,6.502324884588069e-08,25,0,0.92980428,0.9000120399999999,0.029792240000000136,0.026188615394648777,0.03339586460535123,0.0,5.960464477539063e-08,1.0,a_better
accel_sweep,BRISKNet_vs_SSDU,BRISKNet,SSDU,ei_16spf_sampling_arrshift_fop,ssdu_16spf_sampling,16,test_inference_logs_mri_journal_revised.json,test_inference_logs_mri_journal_revised.json,spatial,psnr,6.502324884588069e-08,25,0,30.43603936,29.9410408,0.4949985599999991,0.3959352280808188,0.5940618919191814,0.0,5.960464477539063e-08,1.0,a_better
accel_sweep,BRISKNet_vs_SSDU,BRISKNet,SSDU,ei_16spf_sampling_arrshift_fop,ssdu_16spf_sampling,16,test_inference_logs_mri_journal_revised.json,test_inference_logs_mri_journal_revised.json,spatial,lpips,6.502324884588069e-08,25,0,0.03331928,0.05111760000000001,-0.017798320000000013,-0.020013854106852,-0.015582785893148,0.0,5.960464477539063e-08,1.0,a_better
accel_sweep,BRISKNet_vs_SSDU,BRISKNet,SSDU,ei_16spf_sampling_arrshift_fop,ssdu_16spf_sampling,16,test_inference_logs_mri_journal_revised.json,test_inference_logs_mri_journal_revised.json,temporal,early_corr,0.00017438616071428572,15,10,0.9895747999999999,0.9565116666666669,0.033063133333332995,0.018122743468438875,0.04800352319822778,0.0,6.103515625e-05,1.0,a_better
accel_sweep,BRISKNet_vs_SSDU,BRISKNet,SSDU,ei_16spf_sampling_arrshift_fop,ssdu_16spf_sampling,16,test_inference_logs_mri_journal_revised.json,test_inference_logs_mri_journal_revised.json,temporal,early_mae,0.4326714409722222,15,10,1.5774813333333335,1.7076821333333334,-0.1302007999999999,-0.3978025472915424,0.1374009472915425,44.0,0.389404296875,0.6333333333333333,a_better
accel_sweep,BRISKNet_vs_SSDU,BRISKNet,SSDU,ei_16spf_sampling_arrshift_fop,ssdu_16spf_sampling,16,test_inference_logs_mri_journal_revised.json,test_inference_logs_mri_journal_revised.json,temporal,iauc10_err,0.20827073317307693,15,10,13.195815666666666,14.981775933333337,-1.7859602666666703,-4.2480603304398725,0.6761397971065388,33.0,0.1353759765625,0.725,a_better
accel_sweep,BRISKNet_vs_SSDU,BRISKNet,SSDU,ei_16spf_sampling_arrshift_fop,ssdu_16spf_sampling,16,test_inference_logs_mri_journal_revised.json,test_inference_logs_mri_journal_revised.json,temporal,ttae_sec,0.00017438616071428572,15,10,1.8751655333333332,4.281696666666666,-2.406531133333333,-3.5683055479163803,-1.2447567187502857,0.0,6.103515625e-05,1.0,a_better
accel_sweep,BRISKNet_vs_SSDU,BRISKNet,SSDU,ei_16spf_sampling_arrshift_fop,ssdu_16spf_sampling,16,test_inference_logs_mri_journal_revised.json,test_inference_logs_mri_journal_revised.json,temporal,wash_in_slope_err,0.002899169921875,15,10,0.0198352,0.025957333333333336,-0.006122133333333335,-0.01104343299321707,-0.0012008336734495957,7.0,0.00115966796875,0.9416666666666667,a_better
accel_sweep,BRISKNet_vs_SSDU,BRISKNet,SSDU,ei_16spf_sampling_arrshift_fop,ssdu_16spf_sampling,16,test_inference_logs_mri_journal_revised.json,test_inference_logs_mri_journal_revised.json,mc,dc_mae,0.0041751861572265625,25,0,0.6044119600000001,0.606082,-0.0016700399999999282,-0.0027063377002787903,-0.0006337422997212173,59.0,0.0041751861572265625,0.8184615384615385,a_better
accel_sweep,BRISKNet_vs_SSDU,BRISKNet,SSDU,ei_16spf_sampling_arrshift_fop,ssdu_16spf_sampling,16,test_inference_logs_mri_journal_revised.json,test_inference_logs_mri_journal_revised.json,mc,ssdu_nmse,3.087536969954916e-05,24,1,0.36619845833333337,0.306077875,0.060120583333333366,0.05248270313765708,0.06775846352900959,0.0,2.7015948487105512e-05,1.0,b_better
accel_sweep,BRISKNet_vs_SSDU,BRISKNet,SSDU,ei_24spf_sampling_arrshift_fop,ssdu_24spf_sampling,24,test_inference_logs_mri_journal_revised.json,test_inference_logs_mri_journal_revised.json,spatial,ssim,6.502324884588069e-08,25,0,0.92697352,0.9084425199999999,0.018531000000000075,0.016663821974516442,0.020398178025483577,0.0,5.960464477539063e-08,1.0,a_better
accel_sweep,BRISKNet_vs_SSDU,BRISKNet,SSDU,ei_24spf_sampling_arrshift_fop,ssdu_24spf_sampling,24,test_inference_logs_mri_journal_revised.json,test_inference_logs_mri_journal_revised.json,spatial,psnr,0.0003764033317565918,25,0,29.66241328,29.85799976,-0.19558647999999934,-0.2863959764382172,-0.10477698356178262,38.0,0.0003764033317565918,0.8830769230769231,b_better
accel_sweep,BRISKNet_vs_SSDU,BRISKNet,SSDU,ei_24spf_sampling_arrshift_fop,ssdu_24spf_sampling,24,test_inference_logs_mri_journal_revised.json,test_inference_logs_mri_journal_revised.json,spatial,lpips,6.502324884588069e-08,25,0,0.0315888,0.046496640000000006,-0.014907840000000006,-0.016475847668191428,-0.013339832331808573,0.0,5.960464477539063e-08,1.0,a_better
accel_sweep,BRISKNet_vs_SSDU,BRISKNet,SSDU,ei_24spf_sampling_arrshift_fop,ssdu_24spf_sampling,24,test_inference_logs_mri_journal_revised.json,test_inference_logs_mri_journal_revised.json,temporal,early_corr,0.00017438616071428572,15,10,0.9926892666666665,0.9678331333333332,0.024856133333333252,0.015577528952029965,0.034134737714636695,0.0,6.103515625e-05,1.0,a_better
accel_sweep,BRISKNet_vs_SSDU,BRISKNet,SSDU,ei_24spf_sampling_arrshift_fop,ssdu_24spf_sampling,24,test_inference_logs_mri_journal_revised.json,test_inference_logs_mri_journal_revised.json,temporal,early_mae,0.0511474609375,15,10,1.3278570666666667,1.5853126000000002,-0.2574555333333335,-0.47260329724450617,-0.04230776942216047,21.0,0.02557373046875,0.825,a_better
accel_sweep,BRISKNet_vs_SSDU,BRISKNet,SSDU,ei_24spf_sampling_arrshift_fop,ssdu_24spf_sampling,24,test_inference_logs_mri_journal_revised.json,test_inference_logs_mri_journal_revised.json,temporal,iauc10_err,0.234527587890625,15,10,18.5453574,21.737256,-3.1918985999999983,-6.9856604182173925,0.6018632182173906,36.0,0.1876220703125,0.7,a_better
accel_sweep,BRISKNet_vs_SSDU,BRISKNet,SSDU,ei_24spf_sampling_arrshift_fop,ssdu_24spf_sampling,24,test_inference_logs_mri_journal_revised.json,test_inference_logs_mri_journal_revised.json,temporal,ttae_sec,0.04125936062163155,15,10,1.0798672666666667,2.898433533333333,-1.8185662666666662,-3.269141237907987,-0.36799129542534637,15.0,0.018566712279734197,0.875,a_better
accel_sweep,BRISKNet_vs_SSDU,BRISKNet,SSDU,ei_24spf_sampling_arrshift_fop,ssdu_24spf_sampling,24,test_inference_logs_mri_journal_revised.json,test_inference_logs_mri_journal_revised.json,temporal,wash_in_slope_err,0.4781943873355263,15,10,0.013669600000000002,0.012669199999999999,0.0010004000000000037,-0.001811344927610636,0.003812144927610636,46.0,0.45428466796875,0.6166666666666667,b_better
accel_sweep,BRISKNet_vs_SSDU,BRISKNet,SSDU,ei_24spf_sampling_arrshift_fop,ssdu_24spf_sampling,24,test_inference_logs_mri_journal_revised.json,test_inference_logs_mri_journal_revised.json,mc,dc_mae,6.834665934244792e-06,25,0,0.5664941200000001,0.57029068,-0.003796559999999949,-0.005090003928165141,-0.002503116071834868,10.0,2.562999725341797e-06,0.9692307692307692,a_better
accel_sweep,BRISKNet_vs_SSDU,BRISKNet,SSDU,ei_24spf_sampling_arrshift_fop,ssdu_24spf_sampling,24,test_inference_logs_mri_journal_revised.json,test_inference_logs_mri_journal_revised.json,mc,ssdu_nmse,3.087536969954916e-05,24,1,0.354672125,0.313715125,0.04095700000000002,0.0343435499113665,0.047570450088633504,0.0,2.7015948487105512e-05,1.0,b_better
accel_sweep,BRISKNet_vs_SSDU,BRISKNet,SSDU,ei_36spf_sampling_arrshift_fop,ssdu_36spf_sampling,36,test_inference_logs_mri_journal_revised.json,test_inference_logs_mri_journal_revised.json,spatial,ssim,6.502324884588069e-08,25,0,0.9241147200000002,0.9063085599999999,0.017806160000000237,0.015940985466975498,0.019671334533024498,0.0,5.960464477539063e-08,1.0,a_better
accel_sweep,BRISKNet_vs_SSDU,BRISKNet,SSDU,ei_36spf_sampling_arrshift_fop,ssdu_36spf_sampling,36,test_inference_logs_mri_journal_revised.json,test_inference_logs_mri_journal_revised.json,spatial,psnr,6.502324884588069e-08,25,0,29.11283444,29.617301360000003,-0.5044669200000023,-0.5871903103925008,-0.42174352960749883,0.0,5.960464477539063e-08,1.0,b_better
accel_sweep,BRISKNet_vs_SSDU,BRISKNet,SSDU,ei_36spf_sampling_arrshift_fop,ssdu_36spf_sampling,36,test_inference_logs_mri_journal_revised.json,test_inference_logs_mri_journal_revised.json,spatial,lpips,6.502324884588069e-08,25,0,0.030050600000000004,0.047595,-0.017544399999999995,-0.01910382080377952,-0.015984979196220484,0.0,5.960464477539063e-08,1.0,a_better
accel_sweep,BRISKNet_vs_SSDU,BRISKNet,SSDU,ei_36spf_sampling_arrshift_fop,ssdu_36spf_sampling,36,test_inference_logs_mri_journal_revised.json,test_inference_logs_mri_journal_revised.json,temporal,early_corr,0.00017438616071428572,15,10,0.9971876000000001,0.9846930666666666,0.012494533333333502,0.0035196665606823264,0.021469400105984353,0.0,6.103515625e-05,1.0,a_better
accel_sweep,BRISKNet_vs_SSDU,BRISKNet,SSDU,ei_36spf_sampling_arrshift_fop,ssdu_36spf_sampling,36,test_inference_logs_mri_journal_revised.json,test_inference_logs_mri_journal_revised.json,temporal,early_mae,0.7197265625,15,10,1.0033016000000001,0.9622504,0.041051200000000176,-0.11412858772313594,0.19623098772313596,53.0,0.7197265625,0.5583333333333333,b_better
accel_sweep,BRISKNet_vs_SSDU,BRISKNet,SSDU,ei_36spf_sampling_arrshift_fop,ssdu_36spf_sampling,36,test_inference_logs_mri_journal_revised.json,test_inference_logs_mri_journal_revised.json,temporal,iauc10_err,0.22509765625,15,10,28.991212666666666,26.102194866666665,2.8890178000000013,-2.2298595126971907,8.007895112697192,35.0,0.1688232421875,0.7083333333333333,b_better
accel_sweep,BRISKNet_vs_SSDU,BRISKNet,SSDU,ei_36spf_sampling_arrshift_fop,ssdu_36spf_sampling,36,test_inference_logs_mri_journal_revised.json,test_inference_logs_mri_journal_revised.json,temporal,ttae_sec,0.09103989709095274,15,10,0.9570144666666667,1.6927586000000001,-0.7357441333333334,-1.8665142170803826,0.3950259504137158,18.0,0.05462393825457164,0.85,a_better
accel_sweep,BRISKNet_vs_SSDU,BRISKNet,SSDU,ei_36spf_sampling_arrshift_fop,ssdu_36spf_sampling,36,test_inference_logs_mri_journal_revised.json,test_inference_logs_mri_journal_revised.json,temporal,wash_in_slope_err,0.4326714409722222,15,10,0.009796266666666666,0.011907466666666667,-0.0021112000000000006,-0.006369556711138433,0.002147156711138433,44.0,0.389404296875,0.6333333333333333,a_better
accel_sweep,BRISKNet_vs_SSDU,BRISKNet,SSDU,ei_36spf_sampling_arrshift_fop,ssdu_36spf_sampling,36,test_inference_logs_mri_journal_revised.json,test_inference_logs_mri_journal_revised.json,mc,dc_mae,2.384185791015625e-07,25,0,0.52169716,0.5275443599999999,-0.005847199999999941,-0.007133719432297444,-0.004560680567702567,0.0,5.960464477539063e-08,1.0,a_better
accel_sweep,BRISKNet_vs_SSDU,BRISKNet,SSDU,ei_36spf_sampling_arrshift_fop,ssdu_36spf_sampling,36,test_inference_logs_mri_journal_revised.json,test_inference_logs_mri_journal_revised.json,mc,ssdu_nmse,3.087536969954916e-05,24,1,0.39113429166666663,0.353432625,0.03770166666666663,0.031249775099881884,0.044153558233451455,0.0,2.7015948487105512e-05,1.0,b_better
ei_ablation,EI_vs_MC,EI+MC,MC-only,ei_8spf_sampling_arrshift_fop,mc_8spf_slice_sampling,8,test_inference_logs_mri_journal_revised.json,test_inference_logs_mri_journal_revised.json,spatial,ssim,5.960464477539063e-08,25,0,0.91841324,0.8845108,0.03390243999999998,0.03010785699576545,0.03769702300423459,0.0,5.960464477539063e-08,1.0,a_better
ei_ablation,EI_vs_MC,EI+MC,MC-only,ei_8spf_sampling_arrshift_fop,mc_8spf_slice_sampling,8,test_inference_logs_mri_journal_revised.json,test_inference_logs_mri_journal_revised.json,spatial,psnr,5.960464477539063e-08,25,0,30.16597952,29.50286796,0.6631115600000008,0.5684793194002925,0.757743800599708,0.0,5.960464477539063e-08,1.0,a_better
ei_ablation,EI_vs_MC,EI+MC,MC-only,ei_8spf_sampling_arrshift_fop,mc_8spf_slice_sampling,8,test_inference_logs_mri_journal_revised.json,test_inference_logs_mri_journal_revised.json,spatial,lpips,5.960464477539063e-08,25,0,0.05249264,0.09305515999999998,-0.040562519999999984,-0.043581442108311066,-0.03754359789168893,0.0,5.960464477539063e-08,1.0,a_better
ei_ablation,EI_vs_MC,EI+MC,MC-only,ei_8spf_sampling_arrshift_fop,mc_8spf_slice_sampling,8,test_inference_logs_mri_journal_revised.json,test_inference_logs_mri_journal_revised.json,temporal,early_corr,0.000152587890625,15,10,0.9865469333333333,0.9705518000000001,0.015995133333333245,0.010174560903714585,0.02181570576295205,0.0,6.103515625e-05,1.0,a_better
ei_ablation,EI_vs_MC,EI+MC,MC-only,ei_8spf_sampling_arrshift_fop,mc_8spf_slice_sampling,8,test_inference_logs_mri_journal_revised.json,test_inference_logs_mri_journal_revised.json,temporal,early_mae,0.000152587890625,15,10,1.6366159999999996,1.7648437333333333,-0.1282277333333337,-0.179093223872571,-0.07736224279409568,0.0,6.103515625e-05,1.0,a_better
ei_ablation,EI_vs_MC,EI+MC,MC-only,ei_8spf_sampling_arrshift_fop,mc_8spf_slice_sampling,8,test_inference_logs_mri_journal_revised.json,test_inference_logs_mri_journal_revised.json,temporal,iauc10_err,0.97796630859375,15,10,13.940928533333333,13.695170466666665,0.24575806666666722,-0.6347152976084218,1.1262314309417552,56.0,0.846923828125,0.5333333333333333,b_better
ei_ablation,EI_vs_MC,EI+MC,MC-only,ei_8spf_sampling_arrshift_fop,mc_8spf_slice_sampling,8,test_inference_logs_mri_journal_revised.json,test_inference_logs_mri_journal_revised.json,temporal,ttae_sec,0.97796630859375,15,10,2.952068266666666,3.1932606666666663,-0.24119240000000008,-0.8191795136490476,0.3367947136490475,59.0,0.97796630859375,0.5083333333333333,a_better
ei_ablation,EI_vs_MC,EI+MC,MC-only,ei_8spf_sampling_arrshift_fop,mc_8spf_slice_sampling,8,test_inference_logs_mri_journal_revised.json,test_inference_logs_mri_journal_revised.json,temporal,wash_in_slope_err,0.97796630859375,15,10,0.019834133333333333,0.02000086666666667,-0.0001667333333333354,-0.001492241542173708,0.0011587748755070419,52.0,0.67877197265625,0.5666666666666667,a_better
ei_ablation,EI_vs_MC,EI+MC,MC-only,ei_8spf_sampling_arrshift_fop,mc_8spf_slice_sampling,8,test_inference_logs_mri_journal_revised.json,test_inference_logs_mri_journal_revised.json,mc,dc_mae,1.1920928955078125e-07,25,0,0.60573356,0.6013998,0.004333759999999964,0.0036081409975971526,0.0050593790024028385,0.0,5.960464477539063e-08,1.0,b_better
ei_ablation,EI_vs_MC,EI+MC,MC-only,ei_8spf_sampling_arrshift_fop,mc_8spf_slice_sampling,8,test_inference_logs_mri_journal_revised.json,test_inference_logs_mri_journal_revised.json,mc,ssdu_nmse,2.7015948487105512e-05,24,1,0.38166925,0.41507916666666667,-0.03340991666666665,-0.03688744505615511,-0.029932388277178215,0.0,2.7015948487105512e-05,1.0,a_better
temporal_ablation,arr_shift_vs_diffeo_only,Arr Shift,Diffeo Only,ei_8spf_fop_arrival_shift,ei_8spf_no_temporal_fop,8,test_inference_logs.json,test_inference_logs_mri_journal.json,spatial,ssim,7.32421875e-05,15,0,0.9163692666666667,0.9056367333333335,0.010732533333333238,0.009105777215558405,0.012359289451108249,0.0,6.103515625e-05,1.0,a_better
temporal_ablation,arr_shift_vs_diffeo_only,Arr Shift,Diffeo Only,ei_8spf_fop_arrival_shift,ei_8spf_no_temporal_fop,8,test_inference_logs.json,test_inference_logs_mri_journal.json,spatial,psnr,7.32421875e-05,15,0,31.066322133333333,30.529571466666663,0.5367506666666699,0.457792196925952,0.6157091364073817,0.0,6.103515625e-05,1.0,a_better
temporal_ablation,arr_shift_vs_diffeo_only,Arr Shift,Diffeo Only,ei_8spf_fop_arrival_shift,ei_8spf_no_temporal_fop,8,test_inference_logs.json,test_inference_logs_mri_journal.json,spatial,lpips,7.32421875e-05,15,0,0.06249186666666666,0.09709433333333335,-0.03460246666666669,-0.037124215592233945,-0.0320807177410994,0.0,6.103515625e-05,1.0,a_better
temporal_ablation,arr_shift_vs_diffeo_only,Arr Shift,Diffeo Only,ei_8spf_fop_arrival_shift,ei_8spf_no_temporal_fop,8,test_inference_logs.json,test_inference_logs_mri_journal.json,temporal,early_corr,0.017903645833333336,14,1,0.9832389999999999,0.9799430000000001,0.0032959999999997436,0.0001343179075121003,0.006457682092487879,13.0,0.0107421875,0.8761904761904762,a_better
temporal_ablation,arr_shift_vs_diffeo_only,Arr Shift,Diffeo Only,ei_8spf_fop_arrival_shift,ei_8spf_no_temporal_fop,8,test_inference_logs.json,test_inference_logs_mri_journal.json,temporal,early_mae,0.0004069010416666667,14,1,1.5967728571428574,1.8161197142857142,-0.21934685714285673,-0.29359528965527526,-0.14509842463043898,0.0,0.0001220703125,1.0,a_better
temporal_ablation,arr_shift_vs_diffeo_only,Arr Shift,Diffeo Only,ei_8spf_fop_arrival_shift,ei_8spf_no_temporal_fop,8,test_inference_logs.json,test_inference_logs_mri_journal.json,temporal,iauc10_err,0.0004069010416666667,14,1,13.99666907142857,14.898179642857142,-0.901510571428572,-1.3458255477172674,-0.45719559513987534,0.0,0.0001220703125,1.0,a_better
temporal_ablation,arr_shift_vs_diffeo_only,Arr Shift,Diffeo Only,ei_8spf_fop_arrival_shift,ei_8spf_no_temporal_fop,8,test_inference_logs.json,test_inference_logs_mri_journal.json,temporal,ttae_sec,0.245063704351383,14,1,3.6961165,3.4820767857142867,0.21403971428571333,-0.3125994279329708,0.740678856504399,27.0,0.1960509634811064,0.7428571428571429,b_better
temporal_ablation,arr_shift_vs_diffeo_only,Arr Shift,Diffeo Only,ei_8spf_fop_arrival_shift,ei_8spf_no_temporal_fop,8,test_inference_logs.json,test_inference_logs_mri_journal.json,temporal,wash_in_slope_err,0.2186802455357143,14,1,0.01804285714285714,0.018717785714285718,-0.0006749285714285763,-0.0015862924704131368,0.0002364353275559958,29.0,0.153076171875,0.7238095238095238,a_better
temporal_ablation,arr_shift_vs_diffeo_only,Arr Shift,Diffeo Only,ei_8spf_fop_arrival_shift,ei_8spf_no_temporal_fop,8,test_inference_logs.json,test_inference_logs_mri_journal.json,mc,dc_mae,6.103515625e-05,15,0,0.6157438,0.6098861333333333,0.00585766666666665,0.005037661949012528,0.006677671384320808,0.0,6.103515625e-05,1.0,b_better
temporal_ablation,arr_shift_vs_diffeo_only,Arr Shift,Diffeo Only,ei_8spf_fop_arrival_shift,ei_8spf_no_temporal_fop,8,test_inference_logs.json,test_inference_logs_mri_journal.json,mc,ssdu_nmse,6.103515625e-05,15,0,0.3928053333333334,0.38935946666666665,0.0034458666666667415,0.0025075628400175035,0.004384170493315831,0.0,6.103515625e-05,1.0,b_better
temporal_ablation,arr_shift_vs_diffeo_only,Arr Shift,Diffeo Only,ei_36spf_sampling_arrshift_fop,ei_36spf_no_temporal_fop,36,test_inference_logs_mri_journal_revised.json,test_inference_logs_mri_journal_revised.json,spatial,ssim,0.002255260944366455,25,0,0.9241147200000002,0.92184044,0.002274280000000184,0.0009125086373747309,0.0036360513626252458,53.0,0.002255260944366455,0.8369230769230769,a_better
temporal_ablation,arr_shift_vs_diffeo_only,Arr Shift,Diffeo Only,ei_36spf_sampling_arrshift_fop,ei_36spf_no_temporal_fop,36,test_inference_logs_mri_journal_revised.json,test_inference_logs_mri_journal_revised.json,spatial,psnr,1.7881393432617188e-07,25,0,29.11283444,28.946135039999998,0.16669940000000238,0.14808675149246167,0.18531204850753855,0.0,5.960464477539063e-08,1.0,a_better
temporal_ablation,arr_shift_vs_diffeo_only,Arr Shift,Diffeo Only,ei_36spf_sampling_arrshift_fop,ei_36spf_no_temporal_fop,36,test_inference_logs_mri_journal_revised.json,test_inference_logs_mri_journal_revised.json,spatial,lpips,1.7881393432617188e-07,25,0,0.030050600000000004,0.03558748,-0.005536879999999994,-0.006210974782210552,-0.00486278521778945,0.0,5.960464477539063e-08,1.0,a_better
temporal_ablation,arr_shift_vs_diffeo_only,Arr Shift,Diffeo Only,ei_36spf_sampling_arrshift_fop,ei_36spf_no_temporal_fop,36,test_inference_logs_mri_journal_revised.json,test_inference_logs_mri_journal_revised.json,temporal,early_corr,0.0004069010416666667,15,10,0.9971876000000001,0.9962489333333333,0.0009386666666667542,0.00021199769945275029,0.0016653356338805659,0.0,6.103515625e-05,1.0,a_better
temporal_ablation,arr_shift_vs_diffeo_only,Arr Shift,Diffeo Only,ei_36spf_sampling_arrshift_fop,ei_36spf_no_temporal_fop,36,test_inference_logs_mri_journal_revised.json,test_inference_logs_mri_journal_revised.json,temporal,early_mae,0.002899169921875,15,10,1.0033016000000001,1.0604226666666667,-0.05712106666666661,-0.0936290621950615,-0.02061307113827178,7.0,0.00115966796875,0.9416666666666667,a_better
temporal_ablation,arr_shift_vs_diffeo_only,Arr Shift,Diffeo Only,ei_36spf_sampling_arrshift_fop,ei_36spf_no_temporal_fop,36,test_inference_logs_mri_journal_revised.json,test_inference_logs_mri_journal_revised.json,temporal,iauc10_err,0.008544921875,15,10,28.991212666666666,30.761940733333336,-1.7707280666666705,-2.9179913676561573,-0.6234647656771761,12.0,0.0042724609375,0.9,a_better
temporal_ablation,arr_shift_vs_diffeo_only,Arr Shift,Diffeo Only,ei_36spf_sampling_arrshift_fop,ei_36spf_no_temporal_fop,36,test_inference_logs_mri_journal_revised.json,test_inference_logs_mri_journal_revised.json,temporal,ttae_sec,0.7353166906373405,15,10,0.9570144666666667,0.9465047999999999,0.01050966666666675,-0.06604573592356604,0.08706506925689937,12.0,0.7353166906373405,0.9,b_better
temporal_ablation,arr_shift_vs_diffeo_only,Arr Shift,Diffeo Only,ei_36spf_sampling_arrshift_fop,ei_36spf_no_temporal_fop,36,test_inference_logs_mri_journal_revised.json,test_inference_logs_mri_journal_revised.json,temporal,wash_in_slope_err,0.5827501085069444,15,10,0.009796266666666666,0.009678533333333333,0.00011773333333333323,-0.00039593814091913246,0.0006314048075857983,48.0,0.52447509765625,0.6,b_better
temporal_ablation,arr_shift_vs_diffeo_only,Arr Shift,Diffeo Only,ei_36spf_sampling_arrshift_fop,ei_36spf_no_temporal_fop,36,test_inference_logs_mri_journal_revised.json,test_inference_logs_mri_journal_revised.json,mc,dc_mae,4.935264587402344e-05,25,0,0.52169716,0.52108696,0.0006102000000000052,0.00036927236515375307,0.0008511276348462217,17.0,1.233816146850586e-05,0.9476923076923077,b_better
temporal_ablation,arr_shift_vs_diffeo_only,Arr Shift,Diffeo Only,ei_36spf_sampling_arrshift_fop,ei_36spf_no_temporal_fop,36,test_inference_logs_mri_journal_revised.json,test_inference_logs_mri_journal_revised.json,mc,ssdu_nmse,5.4031896974211023e-05,24,1,0.39113429166666663,0.38701783333333334,0.004116458333333295,0.003308004727002456,0.0049249119396642125,0.0,2.7015948487105512e-05,1.0,b_better
temporal_ablation,enh_scale_vs_diffeo_only,Enh Scale,Diffeo Only,ei_8spf_fop_enh_scale,ei_8spf_no_temporal_fop,8,test_inference_logs.json,test_inference_logs_mri_journal.json,spatial,ssim,0.803955078125,15,0,0.9053362666666664,0.9056367333333335,-0.00030046666666705413,-0.001279249493870252,0.0006783161605369136,55.0,0.803955078125,0.5416666666666667,b_better
temporal_ablation,enh_scale_vs_diffeo_only,Enh Scale,Diffeo Only,ei_8spf_fop_enh_scale,ei_8spf_no_temporal_fop,8,test_inference_logs.json,test_inference_logs_mri_journal.json,spatial,psnr,0.022613525390625,15,0,30.59797,30.529571466666663,0.06839853333333679,0.018095749870328838,0.11870131679633905,18.0,0.01507568359375,0.85,a_better
temporal_ablation,enh_scale_vs_diffeo_only,Enh Scale,Diffeo Only,ei_8spf_fop_enh_scale,ei_8spf_no_temporal_fop,8,test_inference_logs.json,test_inference_logs_mri_journal.json,spatial,lpips,0.00018310546875,15,0,0.08435113333333336,0.09709433333333335,-0.012743199999999996,-0.014843893974517117,-0.01064250602548289,0.0,6.103515625e-05,1.0,a_better
temporal_ablation,enh_scale_vs_diffeo_only,Enh Scale,Diffeo Only,ei_8spf_fop_enh_scale,ei_8spf_no_temporal_fop,8,test_inference_logs.json,test_inference_logs_mri_journal.json,temporal,early_corr,0.57891845703125,14,1,0.9791205000000002,0.9799430000000001,-0.0008224999999999483,-0.003718721511908736,0.0020737215119087126,40.0,0.463134765625,0.6190476190476191,b_better
temporal_ablation,enh_scale_vs_diffeo_only,Enh Scale,Diffeo Only,ei_8spf_fop_enh_scale,ei_8spf_no_temporal_fop,8,test_inference_logs.json,test_inference_logs_mri_journal.json,temporal,early_mae,0.0335693359375,14,1,1.731338357142857,1.8161197142857142,-0.08478135714285706,-0.1535699375539685,-0.015992776731745706,14.0,0.013427734375,0.8666666666666667,a_better
temporal_ablation,enh_scale_vs_diffeo_only,Enh Scale,Diffeo Only,ei_8spf_fop_enh_scale,ei_8spf_no_temporal_fop,8,test_inference_logs.json,test_inference_logs_mri_journal.json,temporal,iauc10_err,0.0042724609375,14,1,14.441475214285713,14.898179642857142,-0.45670442857142923,-0.728514900343569,-0.18489395679928877,4.0,0.0008544921875,0.9619047619047619,a_better
temporal_ablation,enh_scale_vs_diffeo_only,Enh Scale,Diffeo Only,ei_8spf_fop_enh_scale,ei_8spf_no_temporal_fop,8,test_inference_logs.json,test_inference_logs_mri_journal.json,temporal,ttae_sec,0.7535919982037707,14,1,3.4332345,3.4820767857142867,-0.048842285714286504,-0.27635588329458055,0.17867131186600896,35.0,0.7535919982037707,0.6666666666666667,a_better
temporal_ablation,enh_scale_vs_diffeo_only,Enh Scale,Diffeo Only,ei_8spf_fop_enh_scale,ei_8spf_no_temporal_fop,8,test_inference_logs.json,test_inference_logs_mri_journal.json,temporal,wash_in_slope_err,0.4020182291666667,14,1,0.01913092857142857,0.018717785714285718,0.0004131428571428515,-0.000612765500244197,0.0014390512145299123,33.0,0.2412109375,0.6857142857142857,b_better
temporal_ablation,enh_scale_vs_diffeo_only,Enh Scale,Diffeo Only,ei_8spf_fop_enh_scale,ei_8spf_no_temporal_fop,8,test_inference_logs.json,test_inference_logs_mri_journal.json,mc,dc_mae,0.1688232421875,15,0,0.6101043333333334,0.6098861333333333,0.00021820000000005724,-0.00028370793936574845,0.0007201079393657224,35.0,0.1688232421875,0.7083333333333333,b_better
temporal_ablation,enh_scale_vs_diffeo_only,Enh Scale,Diffeo Only,ei_8spf_fop_enh_scale,ei_8spf_no_temporal_fop,8,test_inference_logs.json,test_inference_logs_mri_journal.json,mc,ssdu_nmse,0.0001220703125,15,0,0.4050592666666667,0.38935946666666665,0.01569980000000004,0.014466186384963305,0.016933413615036693,0.0,6.103515625e-05,1.0,b_better
temporal_ablation,arr_shift_enh_scale_vs_diffeo_only,Arr Shift + Enh Scale,Diffeo Only,ei_8spf_no_rebin_fop,ei_8spf_no_temporal_fop,8,test_inference_logs_mri_journal_revised.json,test_inference_logs_mri_journal.json,spatial,ssim,5.960464477539063e-08,25,0,0.90905028,0.9014497999999999,0.007600480000000132,0.006513190819205952,0.008687769180794018,0.0,5.960464477539063e-08,1.0,a_better
temporal_ablation,arr_shift_enh_scale_vs_diffeo_only,Arr Shift + Enh Scale,Diffeo Only,ei_8spf_no_rebin_fop,ei_8spf_no_temporal_fop,8,test_inference_logs_mri_journal_revised.json,test_inference_logs_mri_journal.json,spatial,psnr,5.960464477539063e-08,25,0,29.91536392,29.53912476,0.3762391600000008,0.3262328024073212,0.42624551759268003,0.0,5.960464477539063e-08,1.0,a_better
temporal_ablation,arr_shift_enh_scale_vs_diffeo_only,Arr Shift + Enh Scale,Diffeo Only,ei_8spf_no_rebin_fop,ei_8spf_no_temporal_fop,8,test_inference_logs_mri_journal_revised.json,test_inference_logs_mri_journal.json,spatial,lpips,5.960464477539063e-08,25,0,0.06949327999999999,0.09615824000000002,-0.02666496000000003,-0.029043133764927974,-0.024286786235072036,0.0,5.960464477539063e-08,1.0,a_better
temporal_ablation,arr_shift_enh_scale_vs_diffeo_only,Arr Shift + Enh Scale,Diffeo Only,ei_8spf_no_rebin_fop,ei_8spf_no_temporal_fop,8,test_inference_logs_mri_journal_revised.json,test_inference_logs_mri_journal.json,temporal,early_corr,0.011189778645833334,15,10,0.9822419333333333,0.9804283333333335,0.0018135999999998598,-0.00020176136454088832,0.003828961364540874,14.0,0.0067138671875,0.8833333333333333,a_better
temporal_ablation,arr_shift_enh_scale_vs_diffeo_only,Arr Shift + Enh Scale,Diffeo Only,ei_8spf_no_rebin_fop,ei_8spf_no_temporal_fop,8,test_inference_logs_mri_journal_revised.json,test_inference_logs_mri_journal.json,temporal,early_mae,0.00030517578125,15,10,1.6355245333333335,1.7721716,-0.1366470666666666,-0.19910875374034043,-0.074185379592993,1.0,0.0001220703125,0.9916666666666667,a_better
temporal_ablation,arr_shift_enh_scale_vs_diffeo_only,Arr Shift + Enh Scale,Diffeo Only,ei_8spf_no_rebin_fop,ei_8spf_no_temporal_fop,8,test_inference_logs_mri_journal_revised.json,test_inference_logs_mri_journal.json,temporal,iauc10_err,0.00030517578125,15,10,14.631012733333336,15.316822199999999,-0.6858094666666634,-1.030867535074293,-0.340751398259041,0.0,6.103515625e-05,1.0,a_better
temporal_ablation,arr_shift_enh_scale_vs_diffeo_only,Arr Shift + Enh Scale,Diffeo Only,ei_8spf_no_rebin_fop,ei_8spf_no_temporal_fop,8,test_inference_logs_mri_journal_revised.json,test_inference_logs_mri_journal.json,temporal,ttae_sec,0.169219970703125,15,10,3.640140666666667,3.491484200000001,0.1486564666666661,-0.2939584624657702,0.5912713957991033,33.0,0.1353759765625,0.725,b_better
temporal_ablation,arr_shift_enh_scale_vs_diffeo_only,Arr Shift + Enh Scale,Diffeo Only,ei_8spf_no_rebin_fop,ei_8spf_no_temporal_fop,8,test_inference_logs_mri_journal_revised.json,test_inference_logs_mri_journal.json,temporal,wash_in_slope_err,0.389404296875,15,10,0.01927926666666667,0.019579466666666667,-0.000300199999999997,-0.001208483976437083,0.0006080839764370845,44.0,0.389404296875,0.6333333333333333,a_better
temporal_ablation,arr_shift_enh_scale_vs_diffeo_only,Arr Shift + Enh Scale,Diffeo Only,ei_8spf_no_rebin_fop,ei_8spf_no_temporal_fop,8,test_inference_logs_mri_journal_revised.json,test_inference_logs_mri_journal.json,mc,dc_mae,1.1920928955078125e-07,25,0,0.6042402,0.60051656,0.003723640000000028,0.0032443757652616026,0.004202904234738378,0.0,5.960464477539063e-08,1.0,b_better
temporal_ablation,arr_shift_enh_scale_vs_diffeo_only,Arr Shift + Enh Scale,Diffeo Only,ei_8spf_no_rebin_fop,ei_8spf_no_temporal_fop,8,test_inference_logs_mri_journal_revised.json,test_inference_logs_mri_journal.json,mc,ssdu_nmse,2.7015948487105512e-05,24,1,0.386622625,0.37697825,0.009644374999999983,0.00858673901862164,0.010702010981378367,0.0,2.7015948487105512e-05,1.0,b_better
temporal_ablation,all_transforms_36_vs_diffeo_only,All Transforms,Diffeo Only,ei_diffeo_fop_cosine_lr_all_transforms_36spf,ei_36spf_no_temporal_fop,36,test_inference_logs_mri_journal_revised.json,test_inference_logs_mri_journal_revised.json,spatial,ssim,0.05875152349472046,25,0,0.9210453599999999,0.92184044,-0.0007950800000000591,-0.0014619136578220549,-0.00012824634217796548,92.0,0.05875152349472046,0.716923076923077,b_better
temporal_ablation,all_transforms_36_vs_diffeo_only,All Transforms,Diffeo Only,ei_diffeo_fop_cosine_lr_all_transforms_36spf,ei_36spf_no_temporal_fop,36,test_inference_logs_mri_journal_revised.json,test_inference_logs_mri_journal_revised.json,spatial,psnr,8.940696716308594e-08,25,0,29.067425240000002,28.946135039999998,0.12129020000000423,0.10141769546340884,0.14116270453659052,0.0,5.960464477539063e-08,1.0,a_better
temporal_ablation,all_transforms_36_vs_diffeo_only,All Transforms,Diffeo Only,ei_diffeo_fop_cosine_lr_all_transforms_36spf,ei_36spf_no_temporal_fop,36,test_inference_logs_mri_journal_revised.json,test_inference_logs_mri_journal_revised.json,spatial,lpips,8.940696716308594e-08,25,0,0.03211188,0.03558748,-0.0034755999999999954,-0.004082407775128503,-0.0028687922248714984,0.0,5.960464477539063e-08,1.0,a_better
temporal_ablation,all_transforms_36_vs_diffeo_only,All Transforms,Diffeo Only,ei_diffeo_fop_cosine_lr_all_transforms_36spf,ei_36spf_no_temporal_fop,36,test_inference_logs_mri_journal_revised.json,test_inference_logs_mri_journal_revised.json,temporal,early_corr,0.063934326171875,15,10,0.9950864,0.9962489333333333,-0.001162533333333271,-0.002185274480028059,-0.00013979218663863068,21.0,0.02557373046875,0.825,b_better
temporal_ablation,all_transforms_36_vs_diffeo_only,All Transforms,Diffeo Only,ei_diffeo_fop_cosine_lr_all_transforms_36spf,ei_36spf_no_temporal_fop,36,test_inference_logs_mri_journal_revised.json,test_inference_logs_mri_journal_revised.json,temporal,early_mae,0.00579833984375,15,10,1.2428491999999998,1.0604226666666667,0.18242653333333303,0.09642120118002963,0.26843186548663717,7.0,0.00115966796875,0.9416666666666667,b_better
temporal_ablation,all_transforms_36_vs_diffeo_only,All Transforms,Diffeo Only,ei_diffeo_fop_cosine_lr_all_transforms_36spf,ei_36spf_no_temporal_fop,36,test_inference_logs_mri_journal_revised.json,test_inference_logs_mri_journal_revised.json,temporal,iauc10_err,0.4128265380859375,15,10,29.95308226666667,30.761940733333336,-0.8088584666666669,-2.5644040579582317,0.9466871246248987,42.0,0.33026123046875,0.65,a_better
temporal_ablation,all_transforms_36_vs_diffeo_only,All Transforms,Diffeo Only,ei_diffeo_fop_cosine_lr_all_transforms_36spf,ei_36spf_no_temporal_fop,36,test_inference_logs_mri_journal_revised.json,test_inference_logs_mri_journal_revised.json,temporal,ttae_sec,0.18290773124502213,15,10,1.0524096,0.9465047999999999,0.10590480000000013,-0.5182033995939812,0.7300129995939812,9.0,0.10974463874701328,0.925,b_better
temporal_ablation,all_transforms_36_vs_diffeo_only,All Transforms,Diffeo Only,ei_diffeo_fop_cosine_lr_all_transforms_36spf,ei_36spf_no_temporal_fop,36,test_inference_logs_mri_journal_revised.json,test_inference_logs_mri_journal_revised.json,temporal,wash_in_slope_err,0.890380859375,15,10,0.0098018,0.009678533333333333,0.00012326666666666666,-0.0009456533094933991,0.001192186642826732,57.0,0.890380859375,0.525,b_better
temporal_ablation,all_transforms_36_vs_diffeo_only,All Transforms,Diffeo Only,ei_diffeo_fop_cosine_lr_all_transforms_36spf,ei_36spf_no_temporal_fop,36,test_inference_logs_mri_journal_revised.json,test_inference_logs_mri_journal_revised.json,mc,dc_mae,8.344650268554688e-07,25,0,0.52162444,0.52108696,0.0005374799999999791,0.00039622014619717863,0.0006787398538028152,4.0,4.172325134277344e-07,0.9876923076923076,b_better
temporal_ablation,all_transforms_36_vs_diffeo_only,All Transforms,Diffeo Only,ei_diffeo_fop_cosine_lr_all_transforms_36spf,ei_36spf_no_temporal_fop,36,test_inference_logs_mri_journal_revised.json,test_inference_logs_mri_journal_revised.json,mc,ssdu_nmse,0.584056453701191,24,1,0.3934896666666667,0.38701783333333334,0.006471833333333343,-0.010806394450612537,0.023750061117279196,120.0,0.584056453701191,0.6,b_better
temporal_ablation,arr_shift_enh_scale_36_vs_diffeo_only,Arr Shift + Enh Scale,Diffeo Only,ei_diffeo_fop_cosine_lr_no_rebin_36spf,ei_36spf_no_temporal_fop,36,test_inference_logs_mri_journal_revised.json,test_inference_logs_mri_journal_revised.json,spatial,ssim,0.004604637622833252,25,0,0.92239772,0.92184044,0.0005572799999999933,0.0002248942249900439,0.0008896657750099516,60.0,0.004604637622833252,0.8153846153846154,a_better
temporal_ablation,arr_shift_enh_scale_36_vs_diffeo_only,Arr Shift + Enh Scale,Diffeo Only,ei_diffeo_fop_cosine_lr_no_rebin_36spf,ei_36spf_no_temporal_fop,36,test_inference_logs_mri_journal_revised.json,test_inference_logs_mri_journal_revised.json,spatial,psnr,8.940696716308594e-08,25,0,29.05603708,28.946135039999998,0.10990204000000148,0.0946410945579264,0.125162985442074,0.0,5.960464477539063e-08,1.0,a_better
temporal_ablation,arr_shift_enh_scale_36_vs_diffeo_only,Arr Shift + Enh Scale,Diffeo Only,ei_diffeo_fop_cosine_lr_no_rebin_36spf,ei_36spf_no_temporal_fop,36,test_inference_logs_mri_journal_revised.json,test_inference_logs_mri_journal_revised.json,spatial,lpips,8.940696716308594e-08,25,0,0.03182252,0.03558748,-0.0037649599999999978,-0.004310699486298135,-0.0032192205137018637,0.0,5.960464477539063e-08,1.0,a_better
temporal_ablation,arr_shift_enh_scale_36_vs_diffeo_only,Arr Shift + Enh Scale,Diffeo Only,ei_diffeo_fop_cosine_lr_no_rebin_36spf,ei_36spf_no_temporal_fop,36,test_inference_logs_mri_journal_revised.json,test_inference_logs_mri_journal_revised.json,temporal,early_corr,0.00030517578125,15,10,0.9942508666666666,0.9962489333333333,-0.001998066666666687,-0.0031916822875080676,-0.0008044510458253061,0.0,6.103515625e-05,1.0,b_better
temporal_ablation,arr_shift_enh_scale_36_vs_diffeo_only,Arr Shift + Enh Scale,Diffeo Only,ei_diffeo_fop_cosine_lr_no_rebin_36spf,ei_36spf_no_temporal_fop,36,test_inference_logs_mri_journal_revised.json,test_inference_logs_mri_journal_revised.json,temporal,early_mae,0.002899169921875,15,10,1.211405066666667,1.0604226666666667,0.15098240000000018,0.06598794921468522,0.23597685078531483,7.0,0.00115966796875,0.9416666666666667,b_better
temporal_ablation,arr_shift_enh_scale_36_vs_diffeo_only,Arr Shift + Enh Scale,Diffeo Only,ei_diffeo_fop_cosine_lr_no_rebin_36spf,ei_36spf_no_temporal_fop,36,test_inference_logs_mri_journal_revised.json,test_inference_logs_mri_journal_revised.json,temporal,iauc10_err,0.01708984375,15,10,29.598055,30.761940733333336,-1.1638857333333377,-2.0679480788742692,-0.25982338779239833,16.0,0.01025390625,0.8666666666666667,a_better
temporal_ablation,arr_shift_enh_scale_36_vs_diffeo_only,Arr Shift + Enh Scale,Diffeo Only,ei_diffeo_fop_cosine_lr_no_rebin_36spf,ei_36spf_no_temporal_fop,36,test_inference_logs_mri_journal_revised.json,test_inference_logs_mri_journal_revised.json,temporal,ttae_sec,0.4975308993836723,15,10,0.9611022000000001,0.9465047999999999,0.014597400000000205,-0.15210823843801335,0.18130303843801332,9.0,0.39802471950693785,0.925,b_better
temporal_ablation,arr_shift_enh_scale_36_vs_diffeo_only,Arr Shift + Enh Scale,Diffeo Only,ei_diffeo_fop_cosine_lr_no_rebin_36spf,ei_36spf_no_temporal_fop,36,test_inference_logs_mri_journal_revised.json,test_inference_logs_mri_journal_revised.json,temporal,wash_in_slope_err,0.97796630859375,15,10,0.009688333333333334,0.009678533333333333,9.80000000000078e-06,-0.0006356789984356453,0.0006552789984356447,59.0,0.97796630859375,0.5083333333333333,b_better
temporal_ablation,arr_shift_enh_scale_36_vs_diffeo_only,Arr Shift + Enh Scale,Diffeo Only,ei_diffeo_fop_cosine_lr_no_rebin_36spf,ei_36spf_no_temporal_fop,36,test_inference_logs_mri_journal_revised.json,test_inference_logs_mri_journal_revised.json,mc,dc_mae,2.455837072267329e-05,25,0,0.5215631199999999,0.52108696,0.00047615999999994774,0.00035391959691593705,0.0005984004030840651,0.0,1.2279185361336645e-05,1.0,b_better
temporal_ablation,arr_shift_enh_scale_36_vs_diffeo_only,Arr Shift + Enh Scale,Diffeo Only,ei_diffeo_fop_cosine_lr_no_rebin_36spf,ei_36spf_no_temporal_fop,36,test_inference_logs_mri_journal_revised.json,test_inference_logs_mri_journal_revised.json,mc,ssdu_nmse,0.09436225831584012,24,1,0.39855795833333335,0.38701783333333334,0.011540125000000012,-0.0056408008729726365,0.02872105087297262,83.0,0.09436225831584012,0.7233333333333334,b_better
temporal_ablation,arr_shift_rebin_36_vs_diffeo_only,Arr Shift + Rebin,Diffeo Only,ei_diffeo_fop_cosine_lr_no_enh_scale_36spf,ei_36spf_no_temporal_fop,36,test_inference_logs_mri_journal_revised.json,test_inference_logs_mri_journal_revised.json,spatial,ssim,0.978915274143219,25,0,0.92169948,0.92184044,-0.00014095999999996778,-0.0007846387586816581,0.0005027187586816337,161.0,0.978915274143219,0.5046153846153847,b_better
temporal_ablation,arr_shift_rebin_36_vs_diffeo_only,Arr Shift + Rebin,Diffeo Only,ei_diffeo_fop_cosine_lr_no_enh_scale_36spf,ei_36spf_no_temporal_fop,36,test_inference_logs_mri_journal_revised.json,test_inference_logs_mri_journal_revised.json,spatial,psnr,8.940696716308594e-08,25,0,29.08692536,28.946135039999998,0.1407903200000007,0.12054854030327551,0.16103209969672416,0.0,5.960464477539063e-08,1.0,a_better
temporal_ablation,arr_shift_rebin_36_vs_diffeo_only,Arr Shift + Rebin,Diffeo Only,ei_diffeo_fop_cosine_lr_no_enh_scale_36spf,ei_36spf_no_temporal_fop,36,test_inference_logs_mri_journal_revised.json,test_inference_logs_mri_journal_revised.json,spatial,lpips,8.940696716308594e-08,25,0,0.03138988,0.03558748,-0.004197599999999996,-0.004819679329591379,-0.0035755206704086197,0.0,5.960464477539063e-08,1.0,a_better
temporal_ablation,arr_shift_rebin_36_vs_diffeo_only,Arr Shift + Rebin,Diffeo Only,ei_diffeo_fop_cosine_lr_no_enh_scale_36spf,ei_36spf_no_temporal_fop,36,test_inference_logs_mri_journal_revised.json,test_inference_logs_mri_journal_revised.json,temporal,early_corr,0.03644175447337482,15,10,0.9949978666666667,0.9962489333333333,-0.0012510666666666337,-0.0022613158061971757,-0.00024081752713618035,17.0,0.014576701789349928,0.8583333333333334,b_better
temporal_ablation,arr_shift_rebin_36_vs_diffeo_only,Arr Shift + Rebin,Diffeo Only,ei_diffeo_fop_cosine_lr_no_enh_scale_36spf,ei_36spf_no_temporal_fop,36,test_inference_logs_mri_journal_revised.json,test_inference_logs_mri_journal_revised.json,temporal,early_mae,0.0042724609375,15,10,1.2410858666666664,1.0604226666666667,0.1806631999999997,0.09574264250138469,0.2655837574986153,6.0,0.0008544921875,0.95,b_better
temporal_ablation,arr_shift_rebin_36_vs_diffeo_only,Arr Shift + Rebin,Diffeo Only,ei_diffeo_fop_cosine_lr_no_enh_scale_36spf,ei_36spf_no_temporal_fop,36,test_inference_logs_mri_journal_revised.json,test_inference_logs_mri_journal_revised.json,temporal,iauc10_err,0.5265045166015625,15,10,30.11545233333333,30.761940733333336,-0.6464884000000062,-2.375887987145854,1.0829111871458532,45.0,0.42120361328125,0.625,a_better
temporal_ablation,arr_shift_rebin_36_vs_diffeo_only,Arr Shift + Rebin,Diffeo Only,ei_diffeo_fop_cosine_lr_no_enh_scale_36spf,ei_36spf_no_temporal_fop,36,test_inference_logs_mri_journal_revised.json,test_inference_logs_mri_journal_revised.json,temporal,ttae_sec,0.18290773124502213,15,10,1.0722188000000001,0.9465047999999999,0.12571400000000021,-0.4913780455169986,0.7428060455169988,9.0,0.10974463874701328,0.925,b_better
temporal_ablation,arr_shift_rebin_36_vs_diffeo_only,Arr Shift + Rebin,Diffeo Only,ei_diffeo_fop_cosine_lr_no_enh_scale_36spf,ei_36spf_no_temporal_fop,36,test_inference_logs_mri_journal_revised.json,test_inference_logs_mri_journal_revised.json,temporal,wash_in_slope_err,0.890380859375,15,10,0.0095962,0.009678533333333333,-8.233333333333356e-05,-0.0011597813162676745,0.000995114649601007,57.0,0.890380859375,0.525,a_better
temporal_ablation,arr_shift_rebin_36_vs_diffeo_only,Arr Shift + Rebin,Diffeo Only,ei_diffeo_fop_cosine_lr_no_enh_scale_36spf,ei_36spf_no_temporal_fop,36,test_inference_logs_mri_journal_revised.json,test_inference_logs_mri_journal_revised.json,mc,dc_mae,1.1920928955078125e-07,25,0,0.52175684,0.52108696,0.0006698800000000116,0.0005219322842472207,0.0008178277157527758,0.0,5.960464477539063e-08,1.0,b_better
temporal_ablation,arr_shift_rebin_36_vs_diffeo_only,Arr Shift + Rebin,Diffeo Only,ei_diffeo_fop_cosine_lr_no_enh_scale_36spf,ei_36spf_no_temporal_fop,36,test_inference_logs_mri_journal_revised.json,test_inference_logs_mri_journal_revised.json,mc,ssdu_nmse,0.4842121727230406,24,1,0.39312050000000004,0.38701783333333334,0.006102666666666701,-0.011177978684946747,0.023383312018280072,115.0,0.4842121727230406,0.6166666666666667,b_better
temporal_ablation,enh_scale_rebin_36_vs_diffeo_only,Enh Scale + Rebin,Diffeo Only,ei_diffeo_fop_cosine_lr_no_arrival_shift_36spf,ei_36spf_no_temporal_fop,36,test_inference_logs_mri_journal_revised.json,test_inference_logs_mri_journal_revised.json,spatial,ssim,1.841877804200497e-05,25,0,0.91972372,0.92184044,-0.002116719999999961,-0.002684044113760654,-0.001549395886239356,0.0,1.2279185361336645e-05,1.0,b_better
temporal_ablation,enh_scale_rebin_36_vs_diffeo_only,Enh Scale + Rebin,Diffeo Only,ei_diffeo_fop_cosine_lr_no_arrival_shift_36spf,ei_36spf_no_temporal_fop,36,test_inference_logs_mri_journal_revised.json,test_inference_logs_mri_journal_revised.json,spatial,psnr,1.7881393432617188e-06,25,0,29.001709719999997,28.946135039999998,0.05557467999999943,0.03884037467001579,0.07230898532998392,5.0,5.960464477539062e-07,0.9846153846153847,a_better
temporal_ablation,enh_scale_rebin_36_vs_diffeo_only,Enh Scale + Rebin,Diffeo Only,ei_diffeo_fop_cosine_lr_no_arrival_shift_36spf,ei_36spf_no_temporal_fop,36,test_inference_logs_mri_journal_revised.json,test_inference_logs_mri_journal_revised.json,spatial,lpips,0.006129205226898193,25,0,0.0347748,0.03558748,-0.0008126799999999962,-0.0013540190814760296,-0.0002713409185239688,63.0,0.006129205226898193,0.8061538461538462,a_better
temporal_ablation,enh_scale_rebin_36_vs_diffeo_only,Enh Scale + Rebin,Diffeo Only,ei_diffeo_fop_cosine_lr_no_arrival_shift_36spf,ei_36spf_no_temporal_fop,36,test_inference_logs_mri_journal_revised.json,test_inference_logs_mri_journal_revised.json,temporal,early_corr,0.01678466796875,15,10,0.9949278666666667,0.9962489333333333,-0.0013210666666666482,-0.0024011052218767402,-0.00024102811145663029,14.0,0.0067138671875,0.8833333333333333,b_better
temporal_ablation,enh_scale_rebin_36_vs_diffeo_only,Enh Scale + Rebin,Diffeo Only,ei_diffeo_fop_cosine_lr_no_arrival_shift_36spf,ei_36spf_no_temporal_fop,36,test_inference_logs_mri_journal_revised.json,test_inference_logs_mri_journal_revised.json,temporal,early_mae,0.0030517578125,15,10,1.2579682666666667,1.0604226666666667,0.1975456,0.10996617183585869,0.2851250281641413,5.0,0.0006103515625,0.9583333333333334,b_better
temporal_ablation,enh_scale_rebin_36_vs_diffeo_only,Enh Scale + Rebin,Diffeo Only,ei_diffeo_fop_cosine_lr_no_arrival_shift_36spf,ei_36spf_no_temporal_fop,36,test_inference_logs_mri_journal_revised.json,test_inference_logs_mri_journal_revised.json,temporal,iauc10_err,0.3784942626953125,15,10,30.252364999999998,30.761940733333336,-0.5095757333333388,-2.2673153149946312,1.2481638483279633,41.0,0.30279541015625,0.6583333333333333,a_better
temporal_ablation,enh_scale_rebin_36_vs_diffeo_only,Enh Scale + Rebin,Diffeo Only,ei_diffeo_fop_cosine_lr_no_arrival_shift_36spf,ei_36spf_no_temporal_fop,36,test_inference_logs_mri_journal_revised.json,test_inference_logs_mri_journal_revised.json,temporal,ttae_sec,0.18290773124502213,15,10,1.178773333333333,0.9465047999999999,0.23226853333333308,-0.6815089367214531,1.1460460033881197,9.0,0.10974463874701328,0.925,b_better
temporal_ablation,enh_scale_rebin_36_vs_diffeo_only,Enh Scale + Rebin,Diffeo Only,ei_diffeo_fop_cosine_lr_no_arrival_shift_36spf,ei_36spf_no_temporal_fop,36,test_inference_logs_mri_journal_revised.json,test_inference_logs_mri_journal_revised.json,temporal,wash_in_slope_err,0.93408203125,15,10,0.0097634,0.009678533333333333,8.486666666666746e-05,-0.0010346921616370324,0.0012044254949703655,58.0,0.93408203125,0.5166666666666666,b_better
temporal_ablation,enh_scale_rebin_36_vs_diffeo_only,Enh Scale + Rebin,Diffeo Only,ei_diffeo_fop_cosine_lr_no_arrival_shift_36spf,ei_36spf_no_temporal_fop,36,test_inference_logs_mri_journal_revised.json,test_inference_logs_mri_journal_revised.json,mc,dc_mae,0.08439567601666008,25,0,0.52095768,0.52108696,-0.0001292800000000094,-0.00024592925832898866,-1.2630741671034544e-05,87.0,0.04219783800833004,0.7323076923076923,a_better
temporal_ablation,enh_scale_rebin_36_vs_diffeo_only,Enh Scale + Rebin,Diffeo Only,ei_diffeo_fop_cosine_lr_no_arrival_shift_36spf,ei_36spf_no_temporal_fop,36,test_inference_logs_mri_journal_revised.json,test_inference_logs_mri_journal_revised.json,mc,ssdu_nmse,0.670246776722805,24,1,0.39366691666666664,0.38701783333333334,0.0066490833333333055,-0.010639614473713945,0.02393778114038062,124.0,0.670246776722805,0.5866666666666667,b_better
